SYMBOL,AveExpr,t,P.Value,adj.P.Val,B,log2_ratio_group_means
JUNB,80.5452391189085,-7.823161928,1.40147873716043e-06,0.00126973973586735,0.07987725677543,-0.583571204
HLA-DRB5,201.769184204887,-10.31241295,2.02216816689186e-07,0.000366416871840804,0.0717482958835136,-3.554427718
HLA-DQA1,150.785007567445,-6.633539203,0.0000170842070141119,0.0103188610365236,-0.736666193,-0.864978759
TLR1,45.6974504432466,-5.695664383,0.0000480703061118363,0.0217758486686618,-0.910855753,-0.327450377
CTSW,54.681647916707,5.22999426534258,0.000113138780326653,0.041001493990379,-1.202827818,0.793745142245986
ETS1,95.0830788073104,4.95789247735836,0.000213871838684176,0.0645892952826211,-1.459043364,0.188333518143456
IL2RB,73.4237951307543,4.74707633216787,0.000283106450441568,0.0732841268857316,-1.539330053,0.508631933989457
CX3CR1,37.1643488906989,-4.582266257,0.000389626061403147,0.0853019153466758,-1.66224795,-0.256513041
HLA-DQA2,40.1270061526625,-4.539272181,0.000423685010000045,0.0853019153466758,-1.694992061,-0.433103241
CCL3/L1,39.1980631594035,-4.457626818,0.000497037397709684,0.0900631764649947,-1.757943112,-0.710262394
DUSP6,55.7566875486224,-4.351770156,0.000611974853149545,0.0924082028255813,-1.841056819,-0.531531654
DUSP1,58.7176333180553,-4.410494493,0.000601209228408391,0.0924082028255813,-1.850857623,-0.859429785
ATP5F1D,82.8227944850434,4.22599370698139,0.00078465244251201,0.109368478910135,-1.9419833,0.316556827336232
SOD1,91.8145265748604,4.13366638138799,0.000970178062088691,0.125568760607479,-2.034069846,0.41415576926324
COX5B,106.598381854803,3.98599041379545,0.00126546835985817,0.143314291753938,-2.140961682,0.31601966609417
HLA-DRB4,254.877740151282,4.17836121115467,0.0012182026741548,0.143314291753938,-2.176023964,1.42343109878368
CD7,56.7099541827867,3.93297272987802,0.0014814378338758,0.146472503309754,-2.215135789,0.568783340289296
FPR1,36.6950098493118,-3.88933781,0.0015358595821663,0.146472503309754,-2.223383605,-0.542931675
SELL,88.8267686757932,3.96231787454506,0.00150173944879543,0.146472503309754,-2.231032767,0.355571000161893
FCGR1A,49.7070996827487,-3.846296382,0.00180325673934057,0.158533694838695,-2.302219939,-0.696088332
TXNIP,231.570210844243,3.89470794962477,0.00187500334653409,0.158533694838695,-2.33682937,0.208879968136733
CD3E,83.0384239659332,3.8625944370304,0.0019253763703901,0.158533694838695,-2.343155535,0.494956103332339
GNLY,90.9452569783758,3.85501521876104,0.00207793350009739,0.158533694838695,-2.383550687,1.46139107533661
COX4I1,198.12315670614,3.83464548629825,0.00209978403759862,0.158533694838695,-2.384145116,0.310145726108088
LILRB3,37.4211174035381,-3.70218167,0.00223793526997336,0.160020399699252,-2.386521359,-0.506064707
JAK1,109.846837645054,3.67870374135094,0.00234642329888082,0.160020399699252,-2.407301791,0.200842074135279
LILRA5,37.4212871339847,-3.665955927,0.00240753696176849,0.160020399699252,-2.418613345,-0.426928203
UBB,224.927812756734,3.76216380004318,0.00247272140815622,0.160020399699252,-2.45653671,0.549859327036856
FZD1,29.9491621553276,-3.585659559,0.00283115174075373,0.171584402369691,-2.490312396,-0.31168407
ADA,45.4723945038339,3.58190664032742,0.00285269321652316,0.171584402369691,-2.4936821,0.160935802653875
CCND3,62.0635946689122,3.56774184085394,0.00293549474252783,0.171584402369691,-2.50641518,0.19424587152425
CD6,59.1270198148251,3.50712817498817,0.00333009254846748,0.180023096807088,-2.563162557,0.173127399157125
HHEX,43.628478222571,-3.486400497,0.00345998846460479,0.180023096807088,-2.579973508,-0.351855674
CD2,65.5325274341859,3.49143560030825,0.0034741414818787,0.180023096807088,-2.583238985,0.301157766981677
TRAC,133.931148023725,3.58729600013623,0.00347726732243272,0.180023096807088,-2.603602457,0.537861041564406
CLU,188.184660533439,3.57450749979055,0.00364283755226082,0.183356156797128,-2.626185643,1.21416523727155
PIK3CD,74.4853612685028,3.37347210217281,0.00434760122816243,0.188422970139973,-2.683270473,0.130303544013702
VEGFA,49.6418021268798,-3.371791156,0.00436240584981847,0.188422970139973,-2.684817793,-0.315153977
ATM,87.221493280606,3.39902465649757,0.00433314106076814,0.188422970139973,-2.686062354,0.110343671009031
KLRK1,46.6998218858815,3.36665866664031,0.00440792180386264,0.188422970139973,-2.689543977,0.37939168943837
LDHB,109.777997751119,3.45249898869766,0.00428236868225166,0.188422970139973,-2.689570125,0.356028180410928
TNF,41.8835095508361,-3.349848897,0.00456034248067411,0.188422970139973,-2.705040818,-0.380812199
ICAM3,63.2128575717968,3.34745646230861,0.00458245940077642,0.188422970139973,-2.707248588,0.153193035641503
CD247,53.1135136539605,3.34405121075467,0.00461412418064179,0.188422970139973,-2.710391935,0.225806880744915
CARD11,57.1419463301522,3.33710671254958,0.00467937839751589,0.188422970139973,-2.716805713,0.0962984376751224
RAD21,67.1796045770759,3.29544302616207,0.00509066687351982,0.199433597564499,-2.755379126,0.233992514256679
SF3A1,70.8796180099512,3.26800293245165,0.00538103326436618,0.199433597564499,-2.780869193,0.117947697940828
TXK,43.5385500282518,3.26689735022613,0.00539307189881925,0.199433597564499,-2.781897586,0.216130316963642
LTB,123.074710862359,3.35052895558442,0.0053469180305568,0.199433597564499,-2.790666847,0.418888995185448
FPR3,43.834011395666,-3.240552251,0.00568800827672919,0.202091588184966,-2.806434181,-0.314135633
LILRB1,59.110084945265,-3.272595852,0.00565353749867539,0.202091588184966,-2.807995039,-0.494288634
NDUFB10,61.104589669681,3.21432700413536,0.00599753087822865,0.205529789594708,-2.830916556,0.244083059972114
IL2RG,108.439092308558,3.23793040333832,0.006011632918609,0.205529789594708,-2.835537134,0.202601291997643
ENTPD1,36.5600648783005,-3.196591613,0.00621628212741743,0.208590800275563,-2.84750469,-0.245193751
FOS,50.3328939272821,-3.20939468,0.00634755017767808,0.209122925853685,-2.860341689,-0.556218913
LAT,47.2757998374833,3.14788774281022,0.00685858194665132,0.214955522352316,-2.893182323,0.212248831199555
MAP2K1,64.6478257111167,3.14777166206607,0.00686018882445555,0.214955522352316,-2.893291401,0.172089908431743
NDUFA12,64.595323333876,3.14267547988979,0.00693110294252286,0.214955522352316,-2.898081099,0.242772515122313
BIRC7,26.5369940021636,-3.121312288,0.00723636140369275,0.214955522352316,-2.918179492,-0.425274273
CXCL14,76.6559967574648,3.19493242702232,0.00711478848967913,0.214955522352316,-2.918453175,0.954718255053109
IL32,126.236972004453,3.19920078441658,0.00713947209759218,0.214955522352316,-2.920824651,0.463665708130537
IL1B,46.1617782045371,-3.113153736,0.00767419176791752,0.215810800938766,-2.947983417,-0.613962563
TUBB,127.600819264902,3.10754299644977,0.00785406448862245,0.215810800938766,-2.959425312,0.355058811398484
HIF1A,44.9144807462652,-3.07131677,0.00800371854141944,0.215810800938766,-2.965335209,-0.215305848
FLT3LG,55.8927637250923,3.067967622,0.00805790582132967,0.215810800938766,-2.968499843,0.286689892024763
SH2B2,46.2468057119304,-3.064372562,0.0081164750050229,0.215810800938766,-2.971897608,-0.287203488
VCAN,42.1571371959933,-3.053374209,0.00829827772147536,0.215810800938766,-2.982297245,-0.34778329
H3C10,149.022461993569,3.1254696437701,0.00826069438780293,0.215810800938766,-2.987633339,0.739819091441195
SOCS3,45.7504221852552,-3.047446276,0.00839792732725232,0.215810800938766,-2.987905473,-0.417419408
CD8B,44.6380248670852,3.04484344108593,0.00844205361297258,0.215810800938766,-2.990368586,0.32436547535351
SH2D1A,41.4306131492004,3.03319187482918,0.00864240432615392,0.215810800938766,-3.001399487,0.183547155583972
CYFIP2,55.5018843804208,3.02238602686395,0.00883239927648602,0.215810800938766,-3.011636594,0.171233983193974
CCR7,66.7263710046094,3.07549519458387,0.00877376401414424,0.215810800938766,-3.01333403,0.39529736061253
NECTIN2,45.0040722984018,-3.017750099,0.00891516742838779,0.215810800938766,-3.016030502,-0.180970581
ZAP70,59.0280837637838,3.03663493988067,0.00893256626402176,0.215810800938766,-3.01876646,0.248110398820651
CD8A,43.2012451167811,2.96767123093254,0.00985940449163512,0.235068959721616,-3.063566488,0.378626250341202
WIPF1,99.9022362194348,2.97893855579458,0.0100365470655157,0.236184717957329,-3.073514967,0.13142629502925
DDIT4,47.9481667958989,2.90844852503782,0.0111034371325855,0.257551551845265,-3.119932515,0.319938905239711
TLR10,36.7481379015718,-2.90030715,0.0112860692073831,0.257551551845265,-3.12769228,-0.281565247
SELPLG,52.0446279221709,2.89656807518352,0.0113709294412921,0.257551551845265,-3.131256909,0.267372046576182
CD3D,98.0297489954864,2.93050244474434,0.0117992692953935,0.261402946938772,-3.151815222,0.341987851300057
TRBC1/2,264.723468165421,2.95532732669053,0.0118294931837634,0.261402946938772,-3.154724108,0.497905726657857
CCL21,1185.78753400405,2.93323660602189,0.0124170583473697,0.27108084006547,-3.177437693,1.71478306484689
LEF1,59.5517580788729,2.86691697299523,0.0127590349341829,0.275230610723088,-3.187355414,0.319354970056879
CLEC7A,53.5417300317941,-2.83035263,0.0129813881774475,0.27673265150041,-3.19445832,-0.197513512
ROBO4,32.3210151885779,-2.813816677,0.0134171261115585,0.282695726908652,-3.210260522,-0.246849612
EGR2,33.4074501022436,-2.793919112,0.0139603767971836,0.290760951224099,-3.229283093,-0.41114213
IL7R,87.752752716001,2.82006591854265,0.0144527449237788,0.297595156839627,-3.24699197,0.167163386033359
MCM7,52.0455663822754,2.76481175646327,0.0147938542080458,0.300020469867739,-3.257123322,0.283960947850113
POU2AF1,45.3054521217915,-2.749928916,0.0152925913153202,0.300020469867739,-3.273083751,-0.94591496
RAG1,31.9417553372627,-2.744800937,0.0153947248967705,0.300020469867739,-3.276269866,-0.249167659
MIF,90.4476534012038,2.74440540103876,0.0154068375723681,0.300020469867739,-3.276648362,0.386066302369805
THY1,52.6000586147973,2.74399993446061,0.0154192639795315,0.300020469867739,-3.277036364,0.45079005587265
NDUFB4,84.3984791305749,2.73930129886628,0.0155639758099158,0.300020469867739,-3.281532719,0.189180956254428
TCF7,78.0765321991631,2.75786686310155,0.0162508272185562,0.304629932680156,-3.302568721,0.146539941875278
PDGFA,35.7053992302425,-2.71437432,0.0163540182540848,0.304629932680156,-3.305389345,-0.153891357
SPN,65.0866978127606,2.71372118723604,0.0164979044672309,0.304629932680156,-3.30960417,0.339058461723008
LILRB2,64.614007340048,-2.749293231,0.0165057387371576,0.304629932680156,-3.309966451,-0.508273414
RB1,49.7039340658759,-2.701119695,0.0167898139031624,0.304629932680156,-3.318076051,-0.234687012
CXCL16,43.0539079298539,-2.697151963,0.0169224421492871,0.304629932680156,-3.321873854,-0.110015064
DDIT3,35.2019781933368,-2.695441658,0.0169799245036952,0.304629932680156,-3.323510916,-0.193919282
C1S,94.4069762517053,2.6683289405401,0.0179634772442981,0.316099240765542,-3.35069739,0.349026450729697
GATA2,29.7225462925894,-2.666884275,0.0179681135755247,0.316099240765542,-3.350844832,-0.253082578
ANP32B,90.7785377769125,2.66309820140212,0.0183385850461529,0.319514577919509,-3.360588894,0.0991050165894254
SIGIRR,48.7623562705315,2.63861764805674,0.0190008818514777,0.32721458327012,-3.377896487,0.177597616697195
RRM2,43.0412929284792,2.62785558758822,0.0194089634817782,0.32721458327012,-3.388194003,0.43137075844071
INPP5D,86.7922337293526,2.62667415385402,0.0194542732987744,0.32721458327012,-3.389324356,0.125752693968871
LCK,51.335616826124,2.62640742529047,0.0195028559564972,0.32721458327012,-3.390502239,0.190601573163849
CDC25B,60.8473689478622,2.60695427645386,0.0202257861290382,0.336140006387593,-3.4081887,0.178028177887817
CXCL3,25.5450854457359,-2.602456231,0.0204058502773925,0.336140006387593,-3.412490738,-0.369820395
C4B,92.6147449434011,2.6359600928923,0.0207172523009575,0.338195145669685,-3.418424295,0.644264425367684
FYN,60.1118215480841,2.58470159805757,0.0211317796882383,0.33974392704828,-3.429468002,0.0598679582564174
CD27,47.7213105710524,2.58337223917237,0.0211871212783971,0.33974392704828,-3.430738899,0.121791404012294
CSF3R,46.5933047998434,-2.578699062,0.0213827750708206,0.339873582704622,-3.435206252,-0.139608194
JUN,36.1562184748247,-2.554034272,0.0224445272734018,0.353110919925397,-3.458776012,-0.27852598
TNFRSF25,46.393045543935,2.55039670923023,0.0226053348296612,0.353110919925397,-3.462250723,0.108052225915063
PITX2,31.230190775091,-2.522925161,0.0238559648810754,0.369461609953066,-3.488479437,-0.191070578
NKG7,63.3185169864932,2.52720980560278,0.0241747230854862,0.371225408736449,-3.494199993,0.519591398411328
ITK,51.0238472385228,2.49939276149836,0.0249797073010091,0.379903043935742,-3.510926686,0.151447776139914
ATP2A2,58.9990584386693,-2.495729248,0.0251591419824995,0.379903043935742,-3.514419363,-0.154199451
ADH1A/B/C,50.9490928990911,2.4818363524131,0.0265400349308115,0.38697193741584,-3.539368535,0.466100325628397
CD48,132.661954627644,2.48649812770757,0.0269006363774044,0.38697193741584,-3.544981429,-0.079488484
LOXL2,29.4380387121078,-2.463319238,0.0268010663067385,0.38697193741584,-3.54529318,-0.207110178
OSM,34.7847684674763,-2.46180042,0.0268804658561835,0.38697193741584,-3.546738841,-0.16061739
TICAM2,35.3669231468826,-2.460372229,0.0269553322208597,0.38697193741584,-3.548098139,-0.178460394
TRDC,50.0474921345511,2.45777397719525,0.0270920435864205,0.38697193741584,-3.550570804,0.475890194360939
DLL3,27.8782497795178,-2.457202424,0.0271222053266069,0.38697193741584,-3.551114686,-0.30389243
FLNA,132.584837464559,2.47026881562293,0.028050587605528,0.391900559992633,-3.564795181,0.399252748588035
RBL2,91.1444990452897,2.46902506524976,0.0281164860921867,0.391900559992633,-3.565932554,0.0883881434171556
HMGA1,57.3961814279297,2.44140024098137,0.0279688916745505,0.391900559992633,-3.566145363,0.131860113062207
CD5,56.1838030972766,2.42281809525471,0.0289967144704462,0.401084325346936,-3.583803416,0.130049510240812
ITGB7,48.6411346879368,2.41662071646619,0.0293474190329869,0.401351744847049,-3.589688309,0.163325012417696
HSPA6,53.1498830069239,-2.418502201,0.029459040874535,0.401351744847049,-3.591136441,-0.280853955
NLRC5,73.8323833528735,2.40642721195833,0.0300417893724698,0.406236733902352,-3.600930833,0.14910705938488
LILRB4,52.8722649112024,-2.395724271,0.030559854065852,0.409490411142034,-3.609514295,-0.222604804
FLNB,49.4653445677596,2.39217227030049,0.030770613202034,0.409490411142034,-3.612881656,0.212869127544068
LYN,72.0536836646718,-2.403519124,0.0309603677298337,0.409490411142034,-3.614235778,-0.28392957
SF3B1,115.623002926443,2.39549636151598,0.0312727425865486,0.410624707005986,-3.619447546,0.033735014561845
MCM5,61.97708427,2.37751454455029,0.0316549945682977,0.412653598257234,-3.626768795,0.272100878480317
PRKCB,48.4813257682268,2.37170538815393,0.0320121101260529,0.413691326858325,-3.632268586,0.117485435073841
NOTCH3,51.8118775498956,2.36958561611312,0.0321912125204325,0.413691326858325,-3.634907632,0.312024409600182
LAMB3,26.6336535272738,-2.35826044,0.0328533104280562,0.41922674996928,-3.644988545,-0.27064351
CYBB,110.885892622585,-2.374355501,0.0333994782478835,0.423215766329824,-3.649950261,-0.261550207
UQCR10,45.5437412138382,2.34424567197499,0.0337523819323106,0.424717472648241,-3.658233733,0.194601421321819
TFE3,45.2595677292524,-2.337919156,0.0341658066157771,0.425938324692156,-3.664208037,-0.202459832
CD300A,43.407210365768,-2.335585127,0.0343195338879993,0.425938324692156,-3.666411351,-0.119911691
MFNG,67.4603545353475,2.32310712411788,0.0351525082569129,0.431227045653097,-3.678183301,0.156896435014342
MAP2K2,80.4571653345468,2.32208416523313,0.0352216350754185,0.431227045653097,-3.679147827,0.122177787941978
CD37,131.047525408119,2.33986702950961,0.0355273930964551,0.432051250273669,-3.680273332,-0.225330681
SELENOK,34.6519798906953,-2.302409176,0.0365763568290843,0.441842390495338,-3.697682203,-0.294551639
RPS27A,741.058139898369,2.33663063755971,0.0373567690907914,0.442291695695253,-3.701521234,-0.009487668
STAT5B,50.6718955413281,2.29383198398555,0.0371821581712689,0.442291695695253,-3.70575189,0.0940420766055922
BCL2,56.0287756233948,2.29009777616416,0.0374488395923063,0.442291695695253,-3.70926314,0.137708195237185
CYLD,61.6283786734873,2.28813250014644,0.0375899123273008,0.442291695695253,-3.711110579,0.0452966417653718
RPS6,871.506050102994,2.31138596046293,0.0391207081773431,0.454402071906063,-3.723922002,-0.048058907
SERINC5,51.8405624912367,2.27049639877958,0.0388784074429043,0.454402071906063,-3.727673597,0.0312123991348871
GPI,60.2668893202372,2.2634237549016,0.0394066862093126,0.454747436820944,-3.734307799,0.286846286844678
SIRPA,69.7436186508441,-2.251583332,0.040372209676929,0.454747436820944,-3.746060076,-0.1858843
SFXN1,45.1366266989772,2.24847585632308,0.0405454086381337,0.454747436820944,-3.748313253,0.204805433122437
FGCR2A/B,97.834428154001,-2.274587093,0.0410474251549344,0.454747436820944,-3.748913102,-0.503769979
LIFR,23.7174072299304,-2.245163433,0.0408018839858831,0.454747436820944,-3.751413864,-0.177635064
COL2A1,31.9897189191835,-2.242113542,0.041039373793995,0.454747436820944,-3.754267758,-0.111547067
TNFRSF17,34.1352950623766,-2.240399885,0.0411733803208043,0.454747436820944,-3.75587088,-0.247885493
CD36,43.117570115327,-2.239421211,0.0412500952997992,0.454747436820944,-3.756786293,-0.099343832
RHOB,60.2564293099765,-2.241447235,0.0416162934108042,0.454747436820944,-3.759948305,-0.231009763
RAD52,40.3818930110664,-2.234219544,0.0416600852716759,0.454747436820944,-3.761650091,-0.175582848
DEFB134,26.8552731791042,-2.193091177,0.0450383811651875,0.486171433969836,-3.800006085,-0.221216237
NDUFA3,88.8088189178065,2.19265550550962,0.0450754971892563,0.486171433969836,-3.800411393,0.124801523315928
ADH6,29.3630373278583,-2.187446268,0.0455214971811239,0.487854286037484,-3.805255905,-0.149940598
DACH2,26.3408419986803,-2.183702711,0.0458445426110247,0.487854286037484,-3.808735431,-0.22630695
C1R,76.0556877932169,2.18774362704499,0.0460392289803586,0.487854286037484,-3.809564543,0.369123555702666
CXCR2,25.6651897256186,-2.17651434,0.0464708413185067,0.488012459596573,-3.815412241,-0.201248396
NDUFA2,61.2031503785736,2.17309381592566,0.0467716452840989,0.488012459596573,-3.81858721,0.260333880795229
MLF1,32.4612210305795,-2.169965555,0.0470483306592688,0.488012459596573,-3.821489681,-0.122553444
SDHA,66.6917496018533,2.16777361564774,0.0472431064834376,0.488012459596573,-3.823522715,0.116700661085916
CCR5,47.8622469066123,-2.166005479,0.0474007687025369,0.488012459596573,-3.825162249,-0.175912956
SERPINH1,52.1239008879826,-2.162685057,0.047698167066271,0.488188342538012,-3.828240143,-0.171158253
GLI3,32.671184907128,-2.158874037,0.048041641413885,0.488188342538012,-3.831771151,-0.211648195
HK2,38.2000566112862,-2.156837678,0.0482261111006093,0.488188342538012,-3.83365716,-0.144422381
ATOX1,112.714454295067,2.17314538397655,0.0487587623971345,0.490838208131154,-3.834457371,0.330076929583416
IL22,28.3054808232248,-2.139586839,0.0498153918176435,0.498704364494862,-3.849613616,-0.197787905
FCGRT,130.567605867874,-2.154013648,0.0512389072988355,0.502289812747513,-3.85709082,-0.517942076
ELK1,34.1499848600906,-2.131222196,0.0506033508113064,0.502174689636247,-3.857337033,-0.21286953
MPO,33.3531732011722,-2.130032878,0.0507163179930647,0.502174689636247,-3.858434443,-0.150597455
CCL13,26.6472824866395,-2.123302448,0.0513600149804267,0.502289812747513,-3.864641278,-0.124899417
NFKBIZ,53.1499092451634,-2.123621808,0.0515595503151421,0.502289812747513,-3.86600733,-0.413577067
LAMP3,60.6544676569253,2.1293086414595,0.0528504323670798,0.511671224915478,-3.873894006,0.337937851403937
BAIAP3,34.9552198227271,-2.105620132,0.0530873014812969,0.511671224915478,-3.880919251,-0.330475514
CYP8B1,27.1482648951408,-2.101611771,0.0534862401546707,0.512788715133668,-3.884603363,-0.182777115
HLA-DRB,1122.72614553187,-2.1209095,0.0552000943626074,0.515682256519678,-3.891727389,-0.176830099
ELOB,59.5760706885718,2.09277565973373,0.0543754533739221,0.515682256519678,-3.892716833,0.164178166468079
TYMS,45.1007253547133,2.08560784433988,0.0551067661335881,0.515682256519678,-3.899290393,0.447089639679137
HLA-DRB3,341.677016032189,2.10792183179171,0.0564444905128439,0.515682256519678,-3.902736172,1.15185209460804
CXCR1,25.6492893912752,-2.081770996,0.0555019408902668,0.515682256519678,-3.902806142,-0.209796348
HSP90B1,95.0324033835452,-2.098506013,0.0561650647790208,0.515682256519678,-3.903098926,-0.286713588
HLA-DQB1,110.099968528602,-2.098340312,0.0565106704100284,0.515682256519678,-3.905353807,-0.474959747
LTF,48.7186787845791,-2.078264235,0.0558653982235487,0.515682256519678,-3.90601758,-0.242433061
SHC1,80.0633300320922,-2.091072062,0.0566339785029889,0.515682256519678,-3.907841717,-0.34161466
GATA3,39.4076334737814,2.07580420681438,0.0561216727764097,0.515682256519678,-3.908269375,0.121486941964601
CD3G,45.0807888529662,2.0650383979774,0.0572559733975246,0.518739118981573,-3.918113504,0.216791277666663
CCR1,39.2375947945316,-2.062722866,0.0579127343564709,0.522078978377738,-3.922752259,-0.276422259
GMIP,55.1029155647653,2.05607704381626,0.0582161763581723,0.522216393866377,-3.926294575,0.15116527496734
CD99,59.6582982713135,2.04893988265987,0.0589914667558623,0.525526660627668,-3.93280164,0.2173169563651
NGFR,42.7945705200487,-2.047351851,0.0591652531832474,0.525526660627668,-3.934248419,-0.139442786
CSF1R,117.403020095692,-2.060030427,0.0599095584312268,0.527977624661357,-3.935410011,-0.25352223
LAMB4,25.8793288395989,-2.038405151,0.0601531363919671,0.527977624661357,-3.942392079,-0.145249097
CDH1,41.6028087380636,2.0356826725584,0.0604567339794467,0.527977624661357,-3.944867728,0.261143272491859
NR3C1,55.190969190085,2.03434245716878,0.0606067030516348,0.527977624661357,-3.94608601,0.0970691954410733
PKM,129.475848614922,2.04714270836896,0.0613694412535119,0.529530607387446,-3.947101043,0.367013907427415
LY9,47.8735009405439,2.02981266964872,0.0611161068221204,0.529530607387446,-3.950201585,0.0609394782649031
BIRC3,100.416174256332,2.03976582293202,0.0626611893919623,0.530814740743693,-3.95622822,0.16915691570606
HCK,68.9071460090768,-2.023764631,0.0626858467406412,0.530814740743693,-3.960578626,-0.127771208
NDUFA11,80.9056186526785,2.0117591403514,0.0631854835674821,0.530814740743693,-3.96657177,0.188731256963826
EPCAM,29.586985475453,-2.008215338,0.0635991285904357,0.530814740743693,-3.969778947,-0.130335126
IL6ST,101.479026270155,2.0097036528867,0.0638696617954702,0.530814740743693,-3.970811576,0.115427483511793
TNFAIP6,34.7892220251996,-2.003855822,0.064111375848459,0.530814740743693,-3.973721522,-0.148736561
CR1,47.3234277325667,-2.003377955,0.0643081313994269,0.530814740743693,-3.974894401,-0.324895117
CD79A,47.7280002850077,-2.001859491,0.0643472005272519,0.530814740743693,-3.975525877,-0.655505747
TRAF1,63.691393246847,2.00365836351235,0.0648341634184534,0.530814740743693,-3.97757517,0.106571177385973
IFI16,31.9220865449005,-1.996626889,0.0649690814465521,0.530814740743693,-3.980252142,-0.206552044
IL17RB,28.3239182154686,-1.995110278,0.065150347806803,0.530814740743693,-3.981621141,-0.182193653
E2F5,29.3572029430546,-1.993418443,0.0653531006915104,0.530814740743693,-3.983147853,-0.232735555
CXCR4,53.1823169373709,1.99224072657216,0.0655473777563448,0.530814740743693,-3.984481036,0.114605505662782
HLA-G,36.0532896104018,-1.991202923,0.065619482299441,0.530814740743693,-3.98514641,-0.196493773
TBXAS1,45.4024420964802,-1.984603227,0.0664188622225927,0.53489323709928,-3.991094872,-0.077321619
CD96,43.1520441282513,1.97956876796595,0.0670346021280824,0.536006541926699,-3.995627545,0.0505421734855464
DUOX1,26.0382583284573,-1.978640312,0.067148722415762,0.536006541926699,-3.996462985,-0.180149806
CXCL1,27.5510199030686,-1.968849709,0.0683629209063895,0.542618318228362,-4.005263622,-0.373721571
CD24,44.2612629161044,1.96714839160576,0.0685759353610899,0.542618318228362,-4.006791204,0.0938394474932527
SPRED1,58.2710262629842,-1.961707479,0.0692612194960879,0.544533993216929,-4.011673071,-0.158447977
GIMAP4,99.4937554448929,1.96832855039938,0.0706606017888854,0.544838342304087,-4.016255911,0.282843823669158
C1QBP,70.3343626607416,1.95501397735239,0.0701127886601846,0.544533993216929,-4.017671606,0.290489486241703
RASGRP2,53.7867210571998,1.95493724512582,0.0701226055889182,0.544533993216929,-4.017740325,0.0451834198283306
MED12,44.8040174422559,1.95392564828162,0.0702521433070514,0.544533993216929,-4.018646179,0.116341575137523
CCR2,44.8168614307384,-1.953391616,0.0703206150180802,0.544533993216929,-4.019124314,-0.105424247
WNT11,26.6090507341866,-1.945033356,0.0714001910467477,0.54820824651147,-4.026600997,-0.086074518
FGF5,29.8004324363921,-1.942390786,0.0717446224530266,0.548528505843393,-4.0289622,-0.134701257
RPL7A,781.682453816447,1.95927971149061,0.0734086399094443,0.548939486693752,-4.031273514,0.0519855484548113
GADL1,27.5825192344322,-1.937375035,0.0724025118954166,0.548939486693752,-4.033440376,-0.209396657
EFNA5,30.6990418135186,-1.934725721,0.072752206470088,0.548939486693752,-4.035803869,-0.18767425
MYD88,64.2295102762429,-1.936879635,0.0729490404149007,0.548939486693752,-4.035996572,-0.116041332
CCL18,88.2017921656511,1.94576737155114,0.0741955197629958,0.548939486693752,-4.038694919,0.733028661287397
FCER1G,134.123694983756,-1.944221632,0.0743982614860831,0.548939486693752,-4.040030336,-0.212669826
CD14,71.894590443246,-1.934992771,0.0750992951924085,0.548939486693752,-4.045812933,-0.225964023
CASP1,75.7972938022223,-1.927490777,0.0746363550878768,0.548939486693752,-4.046181031,-0.14465152
SOD2,208.919236074438,-1.940549022,0.075860229990089,0.548939486693752,-4.047319946,-1.042371998
PPP3R2,39.3884189747661,-1.917205174,0.0751035047824816,0.548939486693752,-4.051401175,-0.109933589
CXXC5,35.7384515992326,-1.914282205,0.0755023828513051,0.548939486693752,-4.053997634,-0.292254739
CTCFL,26.9866626005365,-1.911896948,0.0758292972936151,0.548939486693752,-4.056115232,-0.258093408
PRKACB,61.3045755025162,1.91006447867437,0.0760813149410226,0.548939486693752,-4.057741331,0.16186318055476
BLNK,31.2248226226867,-1.905600502,0.0766984030539511,0.548939486693752,-4.061699866,-0.256911064
THBD,67.2228992850034,-1.907525429,0.0769484710928328,0.548939486693752,-4.06208464,-0.114242806
RASGRP1,42.0484920617913,1.9047837793804,0.0768117912260154,0.548939486693752,-4.062423696,0.0738451637995562
CARD9,33.8564748182206,-1.903829631,0.0769444499330981,0.548939486693752,-4.063269157,-0.173205441
BMP7,24.8925733322454,-1.896549587,0.0779634306771604,0.553998966223587,-4.069714073,-0.197343787
COL1A2,55.3224017781155,1.89303252950053,0.0784600460943692,0.555350013761707,-4.072823943,0.302519305574754
BCAT1,36.8460336335894,-1.889961129,0.0788960585840968,0.555627932417126,-4.07553775,-0.110467363
GNG12,35.6926570427497,-1.886592759,0.079376731250985,0.555627932417126,-4.078511794,-0.099497788
RAD50,40.7659125323521,-1.886295866,0.0794192243355605,0.555627932417126,-4.078773822,-0.119030925
TLR6,36.2450236580891,-1.877035266,0.0807549559819893,0.558999509627362,-4.08693804,-0.166197375
HLA-F,348.872178684865,1.88879012911295,0.0828447097031809,0.558999509627362,-4.090728651,0.254234021234825
KLF4,27.7930996615476,-1.870104357,0.0817678092186284,0.558999509627362,-4.093037026,-0.109329801
ITGA9,31.9535207860469,-1.869288869,0.0818877269388515,0.558999509627362,-4.093753986,-0.176540409
GPSM3,79.4059805363515,1.86796096565527,0.082083332691626,0.558999509627362,-4.094921158,-0.027091774
CXCR5,30.178362179048,-1.865817053,0.0824000237712381,0.558999509627362,-4.096804805,-0.594967226
RPL23,1292.11881292201,1.88239733053105,0.0839658779928259,0.562167818223841,-4.096848954,-0.141724243
NDUFB8,60.3131489326961,1.86498606681267,0.0825230681307589,0.558999509627362,-4.097534657,0.139840287008528
CEBPB,44.5566380361764,-1.865076276,0.0827084130890498,0.558999509627362,-4.098169908,-0.218893619
PFKM,29.0790573252112,-1.86385847,0.0826902948054921,0.558999509627362,-4.098524792,-0.178015614
PCNA,55.6513079427744,1.86186866690013,0.0829861302923623,0.558999509627362,-4.100271386,0.346493539964022
IL6,24.8479103093578,-1.854586046,0.0840769750213361,0.562167818223841,-4.106656851,-0.287600762
BTK,40.803209343104,-1.851286339,0.0845754380256036,0.563421668023507,-4.109546413,-0.208567872
NDUFB7,137.903109506737,1.8455955237293,0.0854413180371733,0.56467103175059,-4.114524488,0.0141217421631011
PSMB7,53.7874108148566,1.84500572977233,0.0855315088802779,0.56467103175059,-4.115040022,0.187680135165769
WNT3,31.1535340860717,-1.8413575,0.0860912853104863,0.56467103175059,-4.118227266,-0.177147047
BAMBI,33.3962090488462,-1.84003691,0.0862947184932888,0.56467103175059,-4.119380288,-0.125109131
SERINC1,63.3036544741117,1.83986570518736,0.0863211235071266,0.56467103175059,-4.119529742,0.0757679383814878
RAD51,34.6792720201446,-1.837266152,0.0867229408716188,0.565258880789112,-4.121798256,-0.236439562
SERPINA1,83.9921692237804,-1.837300637,0.0895336114806051,0.576526490041616,-4.130932373,-0.249988934
GPX4,94.7504449271746,1.83118877427891,0.0894904947773413,0.576526490041616,-4.13296019,0.227120778803072
UBC,491.490090110527,1.8383944836483,0.0903606640021076,0.576526490041616,-4.133172877,0.294824411066678
CD180,47.0618566272376,-1.822915265,0.0889713475629625,0.576526490041616,-4.134295388,-0.172905813
IL15,35.0020152673613,-1.816879895,0.0899323355530508,0.576526490041616,-4.139537727,-0.145169016
CR2,35.2374128279469,-1.81531277,0.0901833678629452,0.576526490041616,-4.140897624,-0.504938831
FUBP1,60.9605140487363,1.81110468530186,0.0908605317256559,0.577267141059573,-4.144546561,0.0738890830235295
MFGE8,47.5040026039609,1.8095372942828,0.0911139085778355,0.577267141059573,-4.14590468,0.194886313215343
SOX10,27.3328409644165,-1.802636043,0.0922370124439639,0.581212995451586,-4.151877965,-0.12523642
RUNX3,62.711503252379,1.80117991680833,0.0924755452755754,0.581212995451586,-4.153136929,-0.033204796
EFNA1,28.5331650487166,-1.799818964,0.0926989821663953,0.581212995451586,-4.154313174,-0.117674184
B2M,2402.26651100322,1.81313569034734,0.0946449081826463,0.589335304559983,-4.155139434,0.390588771686207
RAC2,132.680763790012,1.79894916176225,0.0953233267214498,0.591526945271462,-4.162289201,0.0159764270581805
IRAK3,34.4915613124907,-1.788484562,0.0945785017383094,0.589335304559983,-4.164092938,-0.125309784
STC1,26.452846279693,-1.781851218,0.0956940605882285,0.59156696856836,-4.169802797,-0.159892228
DNMT3A,42.0492174880505,1.77820204009943,0.0963127097753331,0.59156696856836,-4.172939604,0.0250933068972087
SAMSN1,52.0136275589407,1.77712725892563,0.096527938765342,0.59156696856836,-4.17395245,0.196766843907875
LGALS3,47.9608232579574,-1.776305283,0.0966356637396437,0.59156696856836,-4.174568819,-0.050440327
MCM4,34.6692696577723,1.7681012213624,0.0980435871714931,0.596136968315164,-4.181605989,0.287012890708219
H3C2,68.7526130318525,1.77249126564127,0.0988153052305373,0.596136968315164,-4.181970486,0.514050671334643
JAML,111.92138390718,-1.77424089,0.0993561613858607,0.596136968315164,-4.182740926,-0.117252854
FCN1,41.400437878625,-1.766475104,0.0983247910123476,0.596136968315164,-4.18299894,-0.136769694
CD1C,53.0396863244042,-1.767897524,0.0992532700105195,0.596136968315164,-4.184917285,-0.274266123
CMKLR1,57.0760850195623,1.76547917394008,0.0989789001331329,0.596136968315164,-4.185133882,0.455107914074874
TNFRSF1A,82.8846425830997,-1.753817159,0.101730651158363,0.602372035408204,-4.196867774,-0.103519693
AKT2,62.1905961129894,1.75008092625601,0.101199811466177,0.602372035408204,-4.197007247,0.0605763076334408
TYK2,73.0164186807056,1.74663555036644,0.101813350736871,0.602372035408204,-4.199943009,0.110118840770935
ELANE,27.0584699968256,-1.745236718,0.10206338188303,0.602372035408204,-4.201134115,-0.222015398
RET,27.9362095204065,-1.742027034,0.10263913194481,0.602372035408204,-4.203865367,-0.200433232
ITGB8,29.56501398,-1.739391066,0.10311410272312,0.602372035408204,-4.206106542,-0.143370139
H3C8,72.3705851705656,1.74289535392438,0.104860235405429,0.602372035408204,-4.208952348,0.484689774982234
IL13RA2,26.4564001614786,-1.734479352,0.104004289966266,0.602372035408204,-4.21027808,-0.114607485
ARID1B,47.3365188660645,1.73087666446497,0.104661515248845,0.602372035408204,-4.213334083,0.0662666360114458
TNFSF10,67.3166095612762,-1.735910273,0.106038997466899,0.602372035408204,-4.214566324,-0.310996406
CREB5,28.1872655460187,-1.727986488,0.105191391282975,0.602372035408204,-4.215783374,-0.293902073
SYCP1,31.8929050822612,-1.725410691,0.105665611329274,0.602372035408204,-4.217964496,-0.196189743
BCL2A1,45.6048313603012,-1.724914059,0.105757259565057,0.602372035408204,-4.218384842,-0.208279865
LTBR,53.2825103419292,-1.72325911,0.106063166185833,0.602372035408204,-4.219785136,-0.073587567
TPR,45.7658408990888,1.72309564713424,0.106093423282508,0.602372035408204,-4.219923409,0.0419898782135373
TYMP,182.498399505876,-1.733004801,0.108197616516582,0.602372035408204,-4.22076292,-0.512779785
CACNG4,30.0181531543112,-1.721773749,0.106338385491626,0.602372035408204,-4.221041355,-0.142753843
CLEC4E,31.2831152466162,-1.721182205,0.106448165642144,0.602372035408204,-4.22154149,-0.246937161
SRP54,51.8460122939383,-1.720162369,0.106637662147566,0.602372035408204,-4.222403529,-0.11100534
FZD5,27.4604164418873,-1.712574906,0.108056792153093,0.602372035408204,-4.22880879,-0.149277345
NUMBL,31.3969161332068,-1.710213877,0.108501747875098,0.602372035408204,-4.230798982,-0.105300253
RPA3,28.5675973865903,-1.709700245,0.108598758029999,0.602372035408204,-4.231231753,-0.239292871
NDUFA13,108.183145198221,1.70787774713041,0.109873967688171,0.602372035408204,-4.234820707,0.242407673545325
STAG2,59.1391734122173,1.70442522722822,0.109599452041582,0.602372035408204,-4.235672438,0.0893114530079612
ARID2,53.6547619972578,1.7040734055165,0.109666479831801,0.602372035408204,-4.235968361,0.0778126740137862
COX6B1,101.824549002863,1.70517377358368,0.110288629931106,0.602372035408204,-4.236863449,0.1978994430716
ENG,57.7756133142173,-1.702609742,0.110700821076673,0.602372035408204,-4.238838994,-0.166830567
TNFRSF12A,30.4103459085337,-1.700517875,0.11034587828722,0.602372035408204,-4.238957196,-0.235864188
KRT6A/B/C,26.8721545698876,-1.700072498,0.110431240255829,0.602372035408204,-4.239331358,-0.212560245
KMT2D,54.3621948771082,1.70002154056493,0.110441010569107,0.602372035408204,-4.239374164,0.0615304442032667
TP53,61.0888797503008,1.69889109343982,0.110657950425306,0.602372035408204,-4.240323612,0.12795616605874
NFAM1,44.8280484923494,-1.691781784,0.112030811956862,0.606126020013251,-4.246287074,-0.03402115
LCN2,23.9669605024674,-1.691632892,0.112059722243068,0.606126020013251,-4.246411828,-0.17085459
SPP1,29.2261517171337,-1.687331441,0.112897742966384,0.607707711254613,-4.250013461,-0.107039609
CDC7,34.2307213054151,1.68669140382634,0.113022902148347,0.607707711254613,-4.250548956,0.236504007138307
TNFSF18,34.1344535859658,-1.681778267,0.113987695688897,0.611081966237517,-4.254656026,-0.0912437
FGFR2,29.7850695838716,-1.677265092,0.114880255555606,0.614050215536158,-4.258423168,-0.054902213
CAMP,27.2388365992568,-1.6710222,0.116124909323094,0.618359977714479,-4.263625228,-0.218275477
GLUL,27.1767141976141,-1.669804379,0.116369068653773,0.618359977714479,-4.264638805,-0.130439191
PGR,27.461757509647,-1.663674587,0.117604800738273,0.622305642409762,-4.269734539,-0.142845073
FBXW7,39.018536706371,-1.662718948,0.117798474253062,0.622305642409762,-4.27052806,-0.186556145
FCAR,30.1157868491718,-1.660180984,0.118314171496811,0.623213019628551,-4.272634286,-0.072617384
NANOG,37.5384234376164,-1.655917699,0.119184846593243,0.625974444009421,-4.276168424,-0.112364969
E2F4,53.0735906792769,-1.653930122,0.119592655401402,0.625974444009421,-4.277814386,-0.196379963
CXXC4,23.0759866083097,-1.652167904,0.119955235080747,0.625974444009421,-4.279272826,-0.199111765
IL24,30.9377099077123,-1.650882751,0.120220257458763,0.625974444009421,-4.280335907,-0.20016402
ETV1,31.7645597638647,-1.646772841,0.121071200405053,0.628598897231967,-4.283732609,-0.102070437
TECR,60.6021183897171,1.6435865514981,0.12173448989467,0.630236844826122,-4.286362788,0.110583893512352
SRD5A2,31.3529911614429,-1.640197461,0.122443440506935,0.631833643098022,-4.289157313,-0.104759185
H3-5,81.4336078888707,-1.64097721,0.123089004422518,0.631833643098022,-4.289935208,-0.258360686
TIGIT,40.279093282416,1.63874024279748,0.122749364874959,0.631833643098022,-4.290357911,0.0490210996825019
IKBKB,56.2159478780426,1.63189456466028,0.124195373164676,0.635711910097156,-4.295990177,-0.011949297
FOXA1,29.4287205124189,-1.62917958,0.124772913017789,0.636869065882349,-4.298220317,-0.096792089
CCL7,25.3729765654457,-1.618529056,0.127060921877045,0.646196279873153,-4.306948922,-0.183946475
CACNA1D,25.534982429413,-1.617363436,0.127313505471697,0.646196279873153,-4.307902263,-0.143398442
SGK1,65.268841281698,-1.612800777,0.128306365155454,0.647054649671827,-4.311630282,-0.173495765
HLA-DOA,69.7065394263615,-1.614177517,0.128764273105588,0.647054649671827,-4.311713738,-0.164968052
TREM2,30.81589473,-1.612675627,0.128333691942358,0.647054649671827,-4.311732455,-0.107654129
BST1,28.0366494334788,-1.610037044,0.128910998085833,0.647054649671827,-4.31388557,-0.139470598
DIPK2B,33.4174214180956,-1.604502608,0.130129146425424,0.647951453494531,-4.318395277,-0.187017021
TNFRSF13C,45.0191301093232,-1.604450862,0.130140582423919,0.647951453494531,-4.3184374,-0.743800723
RELB,63.5368695279324,1.60435200075261,0.130162433262698,0.647951453494531,-4.318517876,0.128047313752678
TCL1B,33.2374838114645,-1.600503732,0.131015445986127,0.64939348529222,-4.321648271,-0.138995054
CRP,31.270062079176,-1.5998138,0.131168882790813,0.64939348529222,-4.322209049,-0.163047453
NDUFA1,101.483090914892,1.59775480905134,0.131627706006089,0.649630778612509,-4.323881783,0.14039712498997
TARP/TRGC1/2,37.6744061125397,1.59638441462992,0.131933844663026,0.649630778612509,-4.324994419,0.128005319207396
EGR1,59.242798400895,-1.598152114,0.134624331882433,0.659295376678295,-4.328132078,-0.717550867
ITGA4,51.0178267403018,-1.589810083,0.133411006432691,0.655123966547522,-4.330324599,-0.140876557
HLA-C,372.705450845892,1.59691315293634,0.135834923496155,0.663430947102512,-4.33046707,0.467677735609036
S100B,54.7380747218651,1.58692099833017,0.13659756216954,0.665362318954857,-4.336269049,0.826386877202803
COX6A1,118.466458226396,1.57731430248085,0.137191573850147,0.66568026151682,-4.341711588,0.159627729901699
ETV7,31.5960665868267,-1.572369839,0.13739826254751,0.66568026151682,-4.344403039,-0.184027533
EGF,24.4952446910041,-1.56896435,0.138188585398778,0.66568026151682,-4.347141581,-0.158656636
DSP,29.5724341371955,-1.567810867,0.13845715427013,0.66568026151682,-4.348068376,-0.156472501
PPP2R1A,58.4802781378638,1.56762830631519,0.138499701209625,0.66568026151682,-4.348215023,0.183723074038162
ANGPT1,24.3985258852173,-1.565204254,0.139065697465356,0.666632391024406,-4.350161261,-0.122242335
FSTL3,27.6046662940505,-1.563122849,0.139553257912889,0.667204494295923,-4.351830987,-0.217968654
PARP9,62.427437759344,-1.561230718,0.140805790930581,0.669659037181661,-4.354395644,-0.143668129
STMN1,44.8570661030711,1.55847621832767,0.14064696069566,0.669659037181661,-4.355553868,0.263562997920148
MMP9,259.442163788152,1.56158120621254,0.143906046675859,0.675538229473205,-4.358171074,0.390101377638125
SLC16A2,32.7750522197004,-1.554048899,0.141695812096558,0.672127778845451,-4.359094976,-0.219886611
TIE1,30.5964170190009,-1.549658758,0.14274240649757,0.673747973719791,-4.362600478,-0.200706638
SMC1A,55.9391801170766,1.54949727759018,0.142781027543267,0.673747973719791,-4.362729307,0.125435589531406
E2F3,33.5156649157856,-1.546674585,0.143457561159882,0.675182080056377,-4.364979973,-0.160369418
CEACAM3,27.3006939337327,-1.535566625,0.146146322855849,0.684035190270671,-4.373813165,-0.157124527
POU2F2,39.8247297967828,-1.534236576,0.146471111382462,0.684035190270671,-4.374868289,-0.212123484
TNFAIP3,84.1232265761546,1.53034945932354,0.148517332108984,0.690034373798666,-4.379193582,0.0297763817778873
PPP2R2C,22.9915369546597,-1.527789326,0.14805414550393,0.689650672630132,-4.379975099,-0.188538535
SMARCB1,53.4507200608516,1.52422782310019,0.148934802804144,0.690204252381351,-4.382790585,0.116209130437358
PRF1,45.6628337238735,1.51863699358773,0.15032616741079,0.694875039153959,-4.387202315,0.177886350466071
S100A9,95.8082496484705,-1.522861328,0.153142967027996,0.695476331465485,-4.388079606,-0.754086574
PBX1,31.9158018664128,-1.516140147,0.15095107652357,0.695476331465485,-4.389169408,-0.239487925
FCER1A,34.2117911091412,-1.512848832,0.151778166824384,0.695476331465485,-4.391759403,-0.157112693
ECSIT,33.4343301997067,-1.509739582,0.152563005708753,0.695476331465485,-4.394202979,-0.156636365
TAPBPL,43.9609095288217,-1.509265124,0.152683068315246,0.695476331465485,-4.394575588,-0.190605604
DKK2,27.5391114105869,-1.508728683,0.152818911668093,0.695476331465485,-4.394996789,-0.098608093
PCK1,28.7488404456107,-1.508270411,0.152935040670679,0.695476331465485,-4.395356541,-0.13006414
KDR,32.7745880429663,-1.505372048,0.153671224330026,0.696130646215017,-4.397630263,-0.057593816
EFNA2,26.8129351975586,-1.502213464,0.154476892819194,0.698035236379997,-4.400105075,-0.211627563
ESR2,29.5418753944101,-1.492834129,0.156890232305502,0.702465692267927,-4.407435124,-0.188262055
CCL4,35.1849332486407,-1.490709184,0.158421034542243,0.702465692267927,-4.410025433,-0.420593464
PALMD,33.712003789292,-1.488462099,0.158025925921295,0.702465692267927,-4.410842223,-0.026913271
ALDOA,220.451182767608,1.49061265011033,0.160833065699409,0.702465692267927,-4.412340206,0.345776356020909
CD70,33.4715696184655,-1.485890873,0.158697045149925,0.702465692267927,-4.412843074,-0.135677441
FZD7,33.1384443578176,-1.482112058,0.159687685105998,0.702465692267927,-4.415779733,-0.145518197
FLT3,54.0083714798872,1.48165620989142,0.159807537218844,0.702465692267927,-4.416133675,0.216644412383821
MME,31.6181390597427,-1.481071226,0.159961452189424,0.702465692267927,-4.416587785,-0.116350686
APLNR,47.5530241864242,1.48071941004813,0.160592963390067,0.702465692267927,-4.417351437,0.312450916982632
GPT,31.9838339953604,-1.477708457,0.160848633646569,0.702465692267927,-4.419196058,-0.225732552
NBN,45.9223278055078,-1.477691729,0.160853057018945,0.702465692267927,-4.419209023,-0.101343277
NSD3,40.6482687109826,1.47570503933024,0.161379135479635,0.702465692267927,-4.420748213,0.0657582855402309
CLEC6A,32.5547578986161,-1.474385441,0.161729360403006,0.702465692267927,-4.421769858,-0.032380049
HAMP,33.4790827005908,-1.473591573,0.161940360288734,0.702465692267927,-4.422384201,-0.128056857
ICOS,37.0095832728626,1.47266933719661,0.162185767349241,0.702465692267927,-4.423097623,0.0508988060451048
CD44,161.895753215898,1.47546396219063,0.164489066761954,0.702957992860048,-4.423608622,0.148300431605268
MMRN2,32.8231712389244,-1.470149323,0.162857925413742,0.702465692267927,-4.425045624,-0.082058274
TERT,29.4311981530137,-1.469769193,0.162959518025086,0.702465692267927,-4.425339287,-0.101577551
MEFV,37.4370154063631,-1.469109051,0.163136071572399,0.702465692267927,-4.425849156,-0.067532543
CACNA1G,28.371212170224,-1.469088627,0.163141536525523,0.702465692267927,-4.425864928,-0.157720194
SLC25A1,54.0544672170218,1.46698770097646,0.163704501352327,0.702465692267927,-4.42748663,0.0724388103352129
BMPR1B,28.9648434825349,-1.466702147,0.163781143428759,0.702465692267927,-4.427706936,-0.086107195
TRAT1,44.8410436357416,1.46593870340468,0.163986196373804,0.702465692267927,-4.428295803,0.0152082613532362
GNAS,289.937472235513,1.4660360218957,0.167534236631215,0.707038256212104,-4.431208364,0.218797447493317
TNFRSF11A,34.8824750927419,-1.460960888,0.165328433688705,0.704882639632785,-4.4321306,-0.071663497
HES5,27.953371641854,-1.458164386,0.166086494919714,0.705372848781707,-4.434281344,-0.274412212
CD9,34.0170874464597,-1.457665741,0.16622196822836,0.705372848781707,-4.43466457,-0.042488644
ENO1,36.984242138193,-1.4527433,0.167564245196986,0.707038256212104,-4.43844317,-0.174094048
IL20RB,29.4562244780019,-1.451936819,0.167785016650775,0.707038256212104,-4.439061473,-0.117082634
TLR8,37.4849950791172,-1.448743695,0.168661494680382,0.708910607593996,-4.441507388,-0.115070459
CXCL2,55.3661361751762,-1.451522564,0.170717187328982,0.708910607593996,-4.441573524,-0.689103096
EIF4EBP1,41.8565000410028,-1.444779002,0.169755042611286,0.708910607593996,-4.444539541,-0.119081135
SPO11,25.6118684490023,-1.444304612,0.169886282207711,0.708910607593996,-4.444901993,-0.087450953
ASCL1,30.837985029566,-1.442817114,0.170298343008436,0.708910607593996,-4.446038005,-0.073502883
IL27,33.7590491679507,-1.441941022,0.170541421833571,0.708910607593996,-4.446706732,-0.139709116
RGMB,34.0349016043845,-1.440406227,0.170967955584203,0.708910607593996,-4.447877623,-0.162700264
XCL1/2,43.3767667157756,1.43623397281748,0.172131928609984,0.70994583215343,-4.451056579,0.2647907398694
PIAS4,33.3730003797259,-1.434066374,0.172739226636796,0.70994583215343,-4.452705791,-0.117457978
DDX58,40.8167304730666,-1.4319385,0.173337116345824,0.70994583215343,-4.454323217,-0.154581257
H2AX,44.4051042021708,1.42995445483875,0.173896132553562,0.70994583215343,-4.455829921,0.207883820284295
PLA2G3,29.6550308499938,-1.427302919,0.174645541430223,0.70994583215343,-4.457841415,-0.145210966
S100A8,53.7125759417567,-1.429676359,0.176989839684687,0.70994583215343,-4.458125326,-0.60330147
CD163,96.8143542761182,-1.429117705,0.177204985455382,0.70994583215343,-4.458581822,-0.169422258
HDAC1,61.5605262764682,1.42440332624297,0.17546810796866,0.70994583215343,-4.460038322,0.119569686783129
SLAMF7,82.5389288896943,-1.426163337,0.177980950459275,0.70994583215343,-4.460746845,-0.333120166
PIM1,54.4765351116646,-1.423798988,0.176172135938577,0.70994583215343,-4.460855393,-0.18563817
MS4A2,28.4611689099479,-1.421875496,0.176187816059678,0.70994583215343,-4.461951195,-0.052882693
ATF3,31.4771854613809,-1.42105231,0.176422712691599,0.70994583215343,-4.462573643,-0.101493119
IL13RA1,50.0598395591665,1.42071675746217,0.176518537036227,0.70994583215343,-4.462827303,0.153612654851271
RXRG,27.6782145685331,-1.417202006,0.177524828576867,0.70994583215343,-4.465481922,-0.172396813
CCL22,27.1970992428207,1.41495187293122,0.178171529492452,0.70994583215343,-4.467179151,0.231690061467579
ITGAL,79.2742652043485,1.41555307374087,0.178927545773222,0.70994583215343,-4.467323183,0.0866041962169395
SLC11A1,30.9032202560164,-1.413782641,0.178508337850084,0.70994583215343,-4.468060384,-0.17427275
FGF18,29.0333945105902,-1.413729115,0.178523769119017,0.70994583215343,-4.468100715,-0.213995356
TLR2,48.3379279598358,-1.413329122,0.178639119106319,0.70994583215343,-4.468402066,-0.044579391
CCR4,40.5148433920778,1.41189336803202,0.17905366738086,0.70994583215343,-4.469483295,0.225238162932365
TGFB3,31.701365064778,-1.408996636,0.179892454080419,0.71056686858358,-4.471662557,-0.083211554
IL22RA1,22.1233347132721,-1.407159625,0.180426055742314,0.71056686858358,-4.473043053,-0.201239381
OAT,49.5716123502067,1.40454708917342,0.181187163628362,0.71056686858358,-4.475004312,0.129982077015435
CREB3L4,25.3701115894435,-1.401168844,0.18217524910822,0.71056686858358,-4.477536843,-0.186872295
TLR7,37.5984517942358,-1.400572289,0.182350190361973,0.71056686858358,-4.477983638,-0.214814836
CXADR,28.0023939395151,-1.400560123,0.182353759496692,0.71056686858358,-4.477992749,-0.210737101
FAAP24,34.1827578409788,-1.399763079,0.182587713711805,0.71056686858358,-4.478589504,-0.110384632
POLR2A,61.0158562738759,1.39960698298554,0.18263356085666,0.71056686858358,-4.478706348,0.0718173467660654
CD209,113.961211828623,-1.401933329,0.185657981630056,0.71056686858358,-4.479134515,-0.563968922
PARP4,56.484287419758,1.3980279636872,0.183097867803104,0.71056686858358,-4.479887826,0.117052337375285
IL11,26.317820551272,-1.39324552,0.18451003633796,0.71056686858358,-4.483460842,-0.12688845
CD81,185.265309113286,1.39220618883881,0.187632385348878,0.71056686858358,-4.485791624,0.265676871552363
TET2,40.4402075929753,-1.386068158,0.186646090665159,0.71056686858358,-4.488807892,-0.144760645
PFKFB3,35.459342546958,-1.385236707,0.186894839029033,0.71056686858358,-4.489426126,-0.165013898
STAT4,37.7875945834716,1.38475075732207,0.187040347966108,0.71056686858358,-4.489787345,0.0917439819721506
PLA2G2A,28.698086294013,-1.383887309,0.18729912022573,0.71056686858358,-4.49042896,-0.153587597
PLAUR,33.4230245687304,-1.382767749,0.1876350828395,0.71056686858358,-4.49126049,-0.151261773
PGM2,41.465039404447,-1.382590333,0.187688367886199,0.71056686858358,-4.491392222,-0.081631755
PLOD2,33.433240448285,-1.381310538,0.188073106095545,0.71056686858358,-4.492342132,-0.056707972
NCOR1,46.3644391536225,1.38119270105774,0.188108563186366,0.71056686858358,-4.492429566,0.127325141325861
HLA-DPB1,44.5773493475325,-1.37860604,0.18888826155574,0.71056686858358,-4.494347577,-0.237188788
IFITM1,97.6625919197964,1.3777380587447,0.192120170599379,0.71056686858358,-4.496480541,0.298539839339661
CD274,35.0221005316203,-1.375128809,0.189940553899423,0.71056686858358,-4.496922157,-0.062406445
GHR,29.9088055429803,-1.375023602,0.189972466320828,0.71056686858358,-4.496999986,-0.080127788
STAT3,84.889039392791,-1.375262844,0.190841555518237,0.71056686858358,-4.497291256,-0.10512279
KDM6A,33.8508010324663,-1.374609738,0.190098045817612,0.71056686858358,-4.497306109,-0.152751533
H3-3A,194.940338493335,1.37524994846612,0.192340968442512,0.71056686858358,-4.498037037,0.112483240257939
HHIP,29.7003319249875,-1.372480104,0.19074531401879,0.71056686858358,-4.498880363,-0.141197903
FGFR4,28.3567430523168,1.37199173088245,0.190893999627425,0.71056686858358,-4.499241144,0.244876461911662
DSC3,27.2365483554871,-1.366912936,0.192445839918096,0.71056686858358,-4.502987937,-0.160539935
PF4,24.1165702527108,-1.366798495,0.192480925513245,0.71056686858358,-4.503072256,-0.17581149
HDAC5,38.8595895111589,1.36636310583774,0.192614455412944,0.71056686858358,-4.503393003,0.127551746891279
CUL1,54.3808479700763,-1.366239664,0.192652327743409,0.71056686858358,-4.503483929,-0.149642533
SMAD4,48.3329783820385,1.36590611051861,0.192754692777283,0.71056686858358,-4.503729593,0.126364872421596
ITGA7,29.7654581514135,-1.364521683,0.193180035845156,0.71056686858358,-4.504748801,-0.217577354
LILRA1,35.395699335168,-1.364042223,0.193327519984385,0.71056686858358,-4.505101614,-0.123235696
MIB1,42.8707743237058,1.36092418303388,0.19428887446642,0.710885739132604,-4.507393996,0.109837794733683
IL12RB1,36.5166006980575,-1.360860052,0.194308688113439,0.710885739132604,-4.507441109,-0.245749891
COL6A6,23.9204603514315,-1.359946085,0.194591239850867,0.710885739132604,-4.508112363,-0.179254171
FGF7,35.4691557122115,-1.357544252,0.195335352224927,0.712168326421664,-4.509874912,-0.085529219
TNR,28.7918180693575,-1.354735731,0.196208384344133,0.71257174599059,-4.511933223,-0.129397079
BTLA,41.8150930074696,1.35313129018392,0.196708543604658,0.71257174599059,-4.513107788,0.0108709471588323
GNA11,32.4302047710381,-1.351448045,0.197234377905409,0.71257174599059,-4.514339026,-0.102448783
FGF11,36.7096335061716,-1.351230744,0.197302344139243,0.71257174599059,-4.514497899,-0.13709258
ITGB4,28.6850337123383,-1.348281327,0.198226721314082,0.71257174599059,-4.516652548,-0.153432196
GIMAP6,59.6397848835387,1.34782584641844,0.198369785250126,0.71257174599059,-4.516985006,0.10468340195406
LAMP1,84.9420251799826,1.34709913609289,0.198795235982074,0.71257174599059,-4.51759495,0.159770449099418
CEACAM1,32.387864,-1.346361445,0.198830311344217,0.71257174599059,-4.518053362,-0.155942582
LRP1,49.4990658936648,-1.346046935,0.199195485652274,0.71257174599059,-4.518389401,-0.031319422
RPTOR,35.3452465601284,1.34462180055954,0.199378518331804,0.71257174599059,-4.519321492,0.0938814027019001
BLK,31.1905319716812,-1.342719719,0.199979310066101,0.712777237339467,-4.520706749,-0.408296257
PMEL,30.963141183081,-1.341464889,0.20037646038183,0.712777237339467,-4.521619888,-0.141926973
CD34,40.8487288582932,-1.340506169,0.200680321570748,0.712777237339467,-4.522317154,-0.160574216
CASP8,45.6451332827017,1.33946896927772,0.20100947476847,0.712777237339467,-4.523071113,0.00596280420333987
MAP3K7,51.229187424737,1.33500377958354,0.202431468992294,0.715301879407956,-4.526312365,0.153639292470152
INHBB,24.168692050702,-1.334649561,0.202544620493481,0.715301879407956,-4.526569172,-0.139939975
MGMT,38.0543846197845,1.33281325010352,0.203132027233969,0.715301879407956,-4.527899736,0.130477022936912
BID,35.5329824705224,-1.331072412,0.203690159454706,0.715301879407956,-4.529159958,-0.174586272
CD46,60.3557290322957,1.3297024218185,0.204130261013069,0.715301879407956,-4.530150918,0.212925619172369
NEFL,34.8819635117173,-1.329269065,0.204269633567885,0.715301879407956,-4.530464234,-0.038864167
PVRIG,65.3032604027328,1.32860064978615,0.204484753605586,0.715301879407956,-4.530947357,-0.097523162
PMS2,32.0616402187559,-1.325407279,0.205515010320984,0.717199584513531,-4.533253175,-0.093772122
ICAM1,77.6436896499642,-1.325163991,0.206517899753191,0.717199584513531,-4.533737401,-0.081143256
ERG,32.0276055850135,-1.323697386,0.206068374233588,0.717199584513531,-4.53448625,-0.102210046
CBL,59.5559719312611,1.321965184,0.20663017730259,0.717199584513531,-4.535734289,0.0708222834595849
CREB3L3,24.1562876430578,-1.320807656,0.207006281843585,0.717199584513531,-4.536567648,-0.12794505
FGF22,29.0249139009893,-1.317287351,0.208153476707968,0.71979790037183,-4.539098969,-0.185880887
FOXL2,26.3108621416554,-1.315288752,0.208807043520923,0.720682595923643,-4.540533999,-0.252583333
FAS,37.3558160109259,1.31083264003865,0.210270166543583,0.723854689775716,-4.543728103,0.116236586119026
AURKA,28.7390167762414,-1.310058851,0.210525067059493,0.723854689775716,-4.544281978,-0.081320814
LY96,50.5878072610603,-1.305088491,0.212168292631988,0.728123004259777,-4.547834294,-0.028734748
FANCC,31.3527771699035,-1.302410133,0.213058010152816,0.729437631286896,-4.549744597,-0.057352884
TRIM21,43.1060099433299,-1.30151363,0.213356481557425,0.729437631286896,-4.550383401,-0.097747477
RBP4,23.4185784656202,-1.298045428,0.214514288270843,0.730893801172456,-4.552851764,-0.116432162
KRT7,23.401940309247,-1.297821757,0.214589129262553,0.730893801172456,-4.553010795,-0.181578428
IL1R2,36.0244113470645,-1.296239757,0.215119064014675,0.731324097550826,-4.55413505,-0.125404559
LAMA3,33.0524357782604,1.29286030525943,0.216254597262389,0.731546729311884,-4.556533437,0.0778122601259816
FUT7,42.1042953907327,1.29248185850169,0.216382056097511,0.731546729311884,-4.556801745,0.257831906823225
KLRG1,36.3893388058143,1.29213316706656,0.21649954641094,0.731546729311884,-4.557048908,0.160134930579057
CYP19A1,25.7352907469282,-1.290562492,0.217029409211912,0.731546729311884,-4.558161667,-0.162403645
MNAT1,30.8199404837747,-1.289489982,0.217391809438264,0.731546729311884,-4.558920947,-0.119390271
THEM4,41.02138748,1.28885412755118,0.217606891335047,0.731546729311884,-4.559370888,0.0423572250570524
CXCL10,43.687801755027,-1.288207329,0.220690887844713,0.736449150597828,-4.560468305,-0.711878448
MXI1,36.6948598355253,1.28513134696173,0.218869541840441,0.73442890706459,-4.562002035,0.0369121303784623
GNAQ,34.571848322168,-1.28303897,0.219581760420215,0.735322752481578,-4.563478496,-0.108841145
NDUFB1,76.9329305109244,1.28196648191607,0.219947534130803,0.735322752481578,-4.564234624,0.152470217958098
TNC,52.6348577171814,-1.279117036,0.223146325899208,0.739197701150574,-4.566683465,-0.340479294
BAX,80.2601678324018,1.27783849421467,0.22135990250627,0.737323792906913,-4.567140752,0.099004314645328
FCRL2,31.051685714186,-1.274799411,0.222404293621771,0.739197701150574,-4.569276023,-0.248459765
HELLS,35.4857978710041,1.27370277747095,0.222782111859425,0.739197701150574,-4.570045632,0.24132692404795
F13A1,60.2231740185385,-1.266224739,0.227893998755803,0.746590815296398,-4.575693739,-0.200594229
PPP3CB,37.7079052640159,1.26552049894198,0.225617164594028,0.74524717043717,-4.575772953,0.0240446646582506
NDUFA7,48.0303365202746,1.26412914842425,0.226102071098526,0.74524717043717,-4.576744224,0.141540460927362
PYCR2,42.3118899621214,1.26234105837484,0.226726454263316,0.74524717043717,-4.577991324,0.181360682837333
DTX4,31.8914031774722,-1.26159558,0.226987169133607,0.74524717043717,-4.578510882,-0.142451491
CX3CL1,26.564287663017,-1.261476207,0.227028939338476,0.74524717043717,-4.578594058,-0.132493438
IRF1,41.1065113507417,-1.255594875,0.229094400838153,0.746590815296398,-4.58268501,-0.258386948
AR,30.757369840139,-1.254061191,0.229635438526665,0.746590815296398,-4.58374955,-0.127067122
IL18,49.2031140905797,1.2533824843963,0.229875186407007,0.746590815296398,-4.584220346,0.126582950807147
GRIN2B,31.7698186517163,-1.25315239,0.229956510083245,0.746590815296398,-4.584379912,-0.083277263
KIR Family,27.9582487019401,-1.252055006,0.230344676782058,0.746590815296398,-4.58514064,-0.125790767
HLA-DOB,60.1927828820288,-1.25042511,0.230922154335788,0.746590815296398,-4.586269627,-0.340361724
TXN2,63.825046359635,1.24995859315867,0.23108765176559,0.746590815296398,-4.586592575,0.130756978354311
FN1,30.1440074465478,-1.249792787,0.231146494139779,0.746590815296398,-4.586707334,-0.211953241
FZD8,28.4160077697585,-1.245352033,0.232726841858208,0.749086214156404,-4.589776806,-0.129661275
EIF5AL1,27.0601853831188,-1.245298674,0.232745882213055,0.749086214156404,-4.58981364,-0.128820503
GNG4,27.9984029484131,-1.241889704,0.233964863616399,0.751674349065452,-4.59216449,-0.116938792
TIRAP,31.9230383300262,-1.240156339,0.234586597049803,0.752028749605184,-4.593358036,-0.135936106
NDUFS7,53.0421259281057,1.23926940533388,0.234905227525681,0.752028749605184,-4.593968285,0.257089096889211
RSAD2,36.8676186116209,-1.236839385,0.236222336586054,0.753187363202839,-4.595678091,-0.206598709
APOL6,62.1629049736215,-1.236528706,0.236780810742316,0.753187363202839,-4.59593041,-0.16280248
TMEM45B,29.8237591887451,-1.235492471,0.236265883846981,0.753187363202839,-4.596563423,-0.085521189
ACVR1B,36.0685326657894,-1.233655733,0.236929799683012,0.753187363202839,-4.597823362,-0.047424962
JAK2,60.7075626772054,-1.230841634,0.237949823931329,0.755105220601697,-4.599751084,-0.051498006
SOST,26.7749195980106,-1.229523384,0.238428826733548,0.755203867494282,-4.600653009,-0.118371598
LGR5,27.2797573263323,-1.228463573,0.238814468032132,0.755203867494282,-4.601377602,-0.154179786
CXCR3,29.5497373837145,1.22559317355995,0.239861385055879,0.756121027535293,-4.603337798,0.123409807724944
GRB2,86.2005116350465,-1.224438804,0.24114745387734,0.756121027535293,-4.604175764,-0.124371109
CREB1,45.3748845968222,1.22396893838986,0.240455373050291,0.756121027535293,-4.6044455,-0.037095116
ATP5ME,116.761632657557,1.22356624169245,0.241682721240071,0.756354215694314,-4.604780823,0.113421181990651
GBP2,36.5990815198801,-1.222206141,0.241101329847719,0.756121027535293,-4.605646479,-0.114650745
IBSP,28.1328382805269,-1.221961932,0.241190923794371,0.756121027535293,-4.605812756,-0.118863577
IKBKE,43.8282232642856,1.21631715792558,0.243269075748406,0.758956901080776,-4.60964937,0.0136009339392468
CCL19,329.034062834076,1.21610179711961,0.247033080361053,0.759621288256368,-4.609933797,0.40920829510504
CALML3,11.5881413562666,-1.215037541,0.243742102411722,0.758956901080776,-4.610517275,-0.27817381
CTNNB1,77.1232901764271,1.21495963335982,0.243770925181574,0.758956901080776,-4.610570095,0.101739128751979
ACTA2,75.1530178931588,1.21441286751501,0.245190054857067,0.759621288256368,-4.610982663,0.279297809028285
HSPB1,127.334877071494,1.21208226845243,0.246982831143143,0.759621288256368,-4.612580637,0.278871533149333
FLT1,29.310743333021,-1.209433707,0.245822048933226,0.759621288256368,-4.614310161,-0.044954554
ATRX,50.0350559283736,1.20798326820773,0.246362636787767,0.759621288256368,-4.615289762,0.00794071679071399
HES1,31.1873029331916,-1.206630969,0.246867476602276,0.759621288256368,-4.616202297,-0.171236879
CTSL,93.1518804933346,-1.206054001,0.249482439680067,0.762330827487826,-4.616626437,-0.105961752
PTGDR2,30.896678230727,-1.205560289,0.247267750646103,0.759621288256368,-4.616924259,-0.064172465
SMAD3,39.0315200530249,-1.204368834,0.247713766946888,0.759621288256368,-4.617727101,-0.16385306
SUV39H2,28.8361801559558,-1.203831927,0.247914959129826,0.759621288256368,-4.618088694,-0.144133701
ITGB1,102.974933303184,1.2031344989017,0.248176491527467,0.759621288256368,-4.618558216,0.0669035958163927
MAGEA4,39.6306334482272,-1.196728213,0.250588810474763,0.764422431953319,-4.622861595,-0.07993271
Negative Probe,27.6957031376096,-1.193927553,0.251649083698631,0.766366621280537,-4.624737549,-0.053933523
MERTK,46.9470417333173,-1.191555667,0.252549734295854,0.766555094132789,-4.626323736,-0.065564819
PPARG,26.9538376740826,-1.191536404,0.252557059159644,0.766555094132789,-4.626336608,-0.044371928
IL25,29.0801659138667,-1.190250442,0.25304641185965,0.766756017206833,-4.627195594,-0.110396514
FST,25.6209709486353,-1.188267319,0.253802489467905,0.767763123398737,-4.628518906,-0.054574929
SGK2,30.653089104504,-1.186316871,0.254547804553102,0.76873436975037,-4.629818805,-0.092210436
S100A12,28.647085129835,-1.18241283,0.256044691214923,0.771723959927378,-4.632415895,-0.189784459
IL17F,33.4694538750013,-1.181515947,0.256389527525542,0.771723959927378,-4.633011623,-0.088380278
CD40,71.1483948459898,-1.175207777,0.260332549115839,0.775304125681448,-4.637111149,-0.22227081
F2RL1,30.2114146707342,-1.174918335,0.258937162716026,0.775304125681448,-4.637383452,-0.076283233
S100A7,28.523968622515,-1.174324999,0.259167223978359,0.775304125681448,-4.637775717,-0.1209258
CDC20,29.704052749633,1.17421605884496,0.259209481494428,0.775304125681448,-4.637847723,0.187695078444738
WNT2B,28.5102953170114,-1.173374648,0.259536041004008,0.775304125681448,-4.638403699,-0.056843995
CACNA2D1,30.7229089573194,-1.170189215,0.260775190779051,0.775304125681448,-4.640505805,-0.105232597
IER3,49.5278842662932,-1.169438665,0.261067816329699,0.775304125681448,-4.641000474,-0.150015742
VSIR,85.6447778046206,1.1677151448814,0.262164791161575,0.775304125681448,-4.642106056,0.220216140326323
F12,29.9023783399231,-1.165397406,0.262647744779871,0.775304125681448,-4.643659849,-0.139953904
MTF1,31.3615341287427,-1.164827505,0.262871133718923,0.775304125681448,-4.644034316,-0.186866435
PBK,26.5564710252854,-1.163759055,0.263290333651164,0.775304125681448,-4.644735992,-0.139410348
CCND2,108.14250616133,1.16149060331111,0.266656573233651,0.775304125681448,-4.646019899,0.155669569446801
GBP1,54.1050746985429,-1.161460614,0.26685753108255,0.775304125681448,-4.646023756,-0.549347163
PDZK1IP1,25.0346704886095,-1.161181813,0.264303597659898,0.775304125681448,-4.64642652,-0.087436089
RIMKLA,24.9668616989215,-1.159044992,0.265145958592804,0.775304125681448,-4.647826001,-0.135828935
MYBL2,31.0205556666088,1.15508378531494,0.266712921873461,0.775304125681448,-4.65041516,0.269114114047938
MMP1,30.9429131337518,-1.154198431,0.2670641091074,0.775304125681448,-4.650992931,-0.111807395
SERPING1,111.29875243005,1.15277339416559,0.270290000906726,0.777405526417439,-4.651655428,0.40636959003146
CASP7,35.7978991313883,-1.152948638,0.267560454562477,0.775304125681448,-4.651807958,-0.056510309
EHHADH,32.5831884973052,-1.151998321,0.267938334131291,0.775304125681448,-4.652427237,-0.175572424
CGAS,41.6921220519316,-1.151613349,0.268091528095079,0.775304125681448,-4.652677995,-0.101212573
PUM1,50.0713353616683,1.15079786676158,0.268416256759035,0.775304125681448,-4.653208963,0.115657819353827
LAIR1,62.154934687023,-1.150539884,0.268519048702809,0.775304125681448,-4.653376878,-0.10731404
GADD45A,31.502354714243,1.15040391430405,0.268573237408202,0.775304125681448,-4.653465366,0.0643481156401753
SFRP1,28.2159863587016,-1.150087743,0.268699274456364,0.775304125681448,-4.653671097,-0.106799999
OASL,32.2828319888772,-1.149985082,0.268740208690926,0.775304125681448,-4.65373789,-0.080860011
CSF2,28.9476057636837,-1.149312197,0.269008624878457,0.775304125681448,-4.654175559,-0.136090901
NSD2,39.5166095168277,1.14900431179692,0.269131509411496,0.775304125681448,-4.654375754,0.100647608349179
RASGRF1,32.1540892034441,-1.14319816,0.271456867813392,0.779524317714528,-4.658143394,-0.082313252
LIG4,30.1216367481641,-1.139075503,0.273117204899696,0.782458467401977,-4.660809738,-0.073887871
KLRD1,29.2155232602608,1.13851809829808,0.273342279175194,0.782458467401977,-4.661169675,0.245426713915863
PLA2G4A,32.2968258265201,-1.136434478,0.274184865894932,0.783632455838513,-4.66251395,-0.037443169
BAD,36.1329521569371,-1.134465669,0.274982825964155,0.784675402593777,-4.663782415,-0.076342013
NFE2L2,62.3534800579001,-1.131814532,0.276060102430335,0.78651085786756,-4.66548782,-0.08762531
AICDA,27.1022782159742,-1.128413619,0.277446703059191,0.789220448890508,-4.667671038,-0.069074795
IFNL2,30.4882366123401,-1.125585992,0.278603554931209,0.790372769864102,-4.669482379,-0.193755776
CAMK2B,26.5823496791465,-1.125291683,0.278724172154062,0.790372769864102,-4.669670708,-0.138122223
SPIB,42.1045607199259,1.12022747508631,0.280805804288554,0.794743435307708,-4.672905345,0.065512781185128
NFATC2,47.5924283230046,1.11941056737859,0.281142683240751,0.794743435307708,-4.673426067,-0.018307288
FOXC1,33.0436374302866,-1.115825902,0.282624524689684,0.797687910806398,-4.675707565,-0.075812645
TGFB1,100.256891090563,-1.111340173,0.285408249912337,0.801105403097539,-4.678389022,-0.110302042
PYCR3,31.6874640333463,-1.108289409,0.285759063000325,0.801105403097539,-4.680485717,-0.137305245
NDUFB11,49.4725426767806,1.10652912955806,0.286494918883899,0.801105403097539,-4.681598108,0.114293207936865
IFIT3,40.0846718454441,-1.104490698,0.289319758332763,0.801105403097539,-4.682506493,-0.321916388
SELE,29.2421823658792,-1.102066246,0.288366894281637,0.801105403097539,-4.684412207,-0.077820035
GBP4,49.6154307606798,-1.099947429,0.289739725000662,0.801105403097539,-4.685648877,-0.204747268
ACTB,3975.43376578872,1.09576434277884,0.294486292327236,0.801105403097539,-4.687655064,0.374915911921717
SLC1A5,74.0802357524921,-1.096231585,0.291598277509368,0.801105403097539,-4.687918744,-0.059300687
DUSP8,29.1028743055062,-1.096367404,0.290770533776187,0.801105403097539,-4.687992731,-0.268700953
MAPK8,44.5872022164349,1.09546295279379,0.291153377023117,0.801105403097539,-4.688559653,0.134033151406971
BAG1,33.4027882164764,-1.090511473,0.293255921550431,0.801105403097539,-4.691656807,-0.071672454
CCR9,24.4590892060354,-1.090390094,0.293307603662097,0.801105403097539,-4.691732592,-0.120852026
ZEB2,76.894370404764,-1.086928697,0.294831377909429,0.801105403097539,-4.693880475,-0.043968397
IL12B,26.8108846797017,-1.086842659,0.294821060651061,0.801105403097539,-4.693944548,-0.07755811
IL33,67.2716314442045,-1.085997213,0.296270377273979,0.801105403097539,-4.694227091,0.0150832535100469
RIN1,27.6452545151975,-1.086193393,0.295098685129675,0.801105403097539,-4.694348776,-0.174068453
PSMB5,45.5985393507029,1.08577865939552,0.295276125581973,0.801105403097539,-4.694606886,0.0782209430646748
PLCB1,34.3668329485228,-1.083233882,0.296366617914875,0.801105403097539,-4.696188936,-0.025402235
HOXA10,29.6866814322482,-1.083175674,0.296391596129333,0.801105403097539,-4.696225089,-0.108218053
HLA-DRA,1072.46522762751,-1.077487601,0.302219232244789,0.801105403097539,-4.698947224,-0.074307275
ICOSLG,43.385757299354,1.07815959970127,0.298549946079611,0.801105403097539,-4.699334806,0.109799145372233
THBS4,31.8715276463445,-1.077952591,0.298639268074783,0.801105403097539,-4.699462896,-0.099290103
C5,28.6085634729905,-1.077406983,0.298874785864056,0.801105403097539,-4.699800408,-0.093573421
IL20RA,36.8019454521838,-1.077329576,0.298908210671748,0.801105403097539,-4.699848281,-0.070757044
MMP11,30.4896426004906,-1.077207335,0.298961000740059,0.801105403097539,-4.699923876,-0.122227169
HLA-A,1070.32008383473,1.07556399040313,0.303045194091128,0.801105403097539,-4.700126772,0.226196199195026
PHF6,32.4871543292392,-1.076369936,0.299322816983824,0.801105403097539,-4.700441551,-0.100364887
ROPN1,26.9732906026005,-1.076336857,0.299337116180156,0.801105403097539,-4.700461993,-0.12141298
TGFB2,26.1562497993075,-1.075570308,0.299668615381284,0.801105403097539,-4.700935579,-0.143001596
IL1RAP,29.8568794701732,-1.07375898,0.300453011696261,0.801105403097539,-4.702053584,-0.053583193
CTAG1B,27.3026067000967,-1.073019923,0.300773494831848,0.801105403097539,-4.702509324,-0.337427767
PPARGC1B,28.5760321887368,-1.07269416,0.300914837987189,0.801105403097539,-4.702710127,-0.087837193
GADD45B,49.9600802835948,-1.070701058,0.301780677889164,0.801105403097539,-4.70393764,-0.16743454
PLA1A,37.2639813821965,-1.069897061,0.302130466972167,0.801105403097539,-4.704432294,-0.082382025
EPOR,29.2705842010153,-1.069473464,0.302314878396136,0.801105403097539,-4.704692792,-0.118481594
ALCAM,34.9367327779124,-1.067750438,0.303065845193078,0.801105403097539,-4.705751549,-0.085116188
ADGRE5,119.208165553701,-1.067000103,0.304224454077765,0.801105403097539,-4.705999787,0.011807453042441
PC,30.5798047618211,-1.065624997,0.303994088862581,0.801105403097539,-4.707055714,-0.084389488
SRR,33.9898800999344,-1.065537586,0.304032308467209,0.801105403097539,-4.707109305,-0.026983068
CCL25,23.6509017063216,-1.065525509,0.304037589115261,0.801105403097539,-4.707116708,-0.171214775
LAIR2,36.1656899926199,-1.064901935,0.304310347074628,0.801105403097539,-4.707498912,-0.078490257
GABPA,41.1516899611752,-1.06463321,0.304427945623958,0.801105403097539,-4.707663565,-0.126706345
AKAP1,35.1319166708681,-1.062812444,0.305225622209518,0.801105403097539,-4.708778315,-0.134277159
SBNO2,68.4328634402533,-1.062020777,0.305572928923469,0.801105403097539,-4.709262534,-0.097736551
CCL16,27.0073910345033,-1.061439242,0.305828235064585,0.801105403097539,-4.709618045,-0.088557109
SPINK5,26.3641360382037,-1.061075643,0.30598794169998,0.801105403097539,-4.709840245,-0.078073632
STAT6,82.890274303356,-1.060745815,0.306132868195413,0.801105403097539,-4.710041755,-0.178198447
FGF14,27.6894127086012,-1.059963296,0.306476907534572,0.801105403097539,-4.710519639,-0.128843661
PDCD1,31.0054880883139,-1.059619929,0.306627960734549,0.801105403097539,-4.710729245,-0.102664655
POLD4,35.5419854424364,-1.058197342,0.307254361918011,0.801105403097539,-4.711597075,-0.163865285
CD164,86.8428068539808,1.05487038783953,0.30872296095253,0.801105403097539,-4.713623012,0.10358265726114
POLR2H,35.9420009235109,-1.054657586,0.30881707137346,0.801105403097539,-4.713752424,-0.096217002
FGF17,27.1525486123667,-1.05354329,0.309310204294506,0.801105403097539,-4.714429723,-0.126265663
MLLT3,33.3615839284078,1.05334480666085,0.309398103719388,0.801105403097539,-4.714550306,0.082321786000662
CMTM6,70.2759103405514,-1.052320124,0.310284722349465,0.801105403097539,-4.715051941,-0.102148436
NOTCH1,55.2998243140486,1.05211708523183,0.309942212230262,0.801105403097539,-4.715295775,0.0340123292738208
IL6R,55.053200591958,1.051522318,0.310206055698809,0.801105403097539,-4.715656666,0.0486556173629929
NUPR1,27.732395448433,-1.051378433,0.310269908741538,0.801105403097539,-4.715743947,-0.174527072
NFKB2,94.0364386225617,1.05130667691961,0.310301756240672,0.801105403097539,-4.715787471,0.0127368807604876
ASXL1,32.7493584400113,-1.05017942,0.31080237899623,0.801105403097539,-4.716470905,-0.266988307
NDUFA6,50.318761425216,1.04976129701228,0.310988219876702,0.801105403097539,-4.716724255,0.126633944364639
FGF10,27.0061058532942,-1.04918106,0.311246249327079,0.801105403097539,-4.717075701,-0.112648602
CCL2,85.2216397475166,-1.046441646,0.31567280534619,0.804470652021409,-4.717813321,-1.168074711
PAX5,37.6148283893893,-1.045876327,0.312718829926804,0.802847233657205,-4.71907439,-0.281844239
FOXP3,28.5297776796684,1.04453706857989,0.313317042744158,0.802847233657205,-4.71988293,0.161614920724796
STK11,48.9074592920183,1.04410507819302,0.313510179520007,0.802847233657205,-4.720143555,0.0473688319087426
LCOR,29.7417180915065,-1.043035463,0.313988761951972,0.802847233657205,-4.720788494,-0.015496103
PURA,37.2319139848837,1.0427013845687,0.314138349151743,0.802847233657205,-4.720989823,-0.003806392
ACVR1C,31.3024259349274,-1.041172832,0.314823435395792,0.803464880193203,-4.721910328,-0.066014301
CD33,47.2604804752056,-1.038318869,0.316105465915697,0.804470652021409,-4.723626101,-0.045260335
FGF19,28.2792621091039,-1.036147792,0.317083271781156,0.804702609835996,-4.724928794,-0.077498741
KIR3DL3,7.69750785729691,-1.036144396,0.317084803213522,0.804702609835996,-4.72493083,-0.473523574
TWIST1,30.6911107185073,-1.035158006,0.317529777465749,0.804704834640472,-4.725521959,-0.039668548
IL12A,27.6839746485676,-1.032385803,0.31878278029773,0.806751952373586,-4.727180872,-0.101693197
WRN,30.8743380771811,-1.030086934,0.3198245534126,0.80726026886177,-4.728553816,-0.073769256
ITGB3,32.4127237402215,-1.02700544,0.321224846728688,0.80726026886177,-4.730390291,-0.102818256
CFD,38.7930879533393,-1.025990485,0.321687031291625,0.80726026886177,-4.7309942,-0.035506055
WNT7A,27.8533974539548,-1.02586466,0.321744361835066,0.80726026886177,-4.731069033,-0.113017841
TLR4,50.592284115058,-1.025839498,0.321755827718056,0.80726026886177,-4.731083997,-0.026189175
SETBP1,35.2638049219056,-1.025184803,0.322054259712326,0.80726026886177,-4.731473245,-0.182823771
AQP9,36.2767358390262,-1.025079687,0.322102193370342,0.80726026886177,-4.731535722,-0.053870032
SSX4,33.7560222103093,-1.023848778,0.322663884198485,0.807551047192895,-4.732266953,-0.07823564
FGF12,28.6707141755173,-1.020400941,0.324240966530271,0.8093488195326,-4.734311379,-0.072477633
CCL8,27.6194263161805,-1.019363956,0.325339601981205,0.8093488195326,-4.734721242,-0.208714187
FGFR3,28.8249066408131,-1.018550216,0.325089796422328,0.8093488195326,-4.735406478,-0.06764688
AXL,43.8863698220953,-1.017684583,0.325487365315035,0.8093488195326,-4.735918131,-0.076368259
EIF2B4,37.4782244165779,-1.017405751,0.325615501898049,0.8093488195326,-4.736082867,-0.095425904
CTAGE1,25.5209043329605,-1.016270525,0.32613756705351,0.809535988357479,-4.736753186,-0.080180998
SYT17,31.4828821463934,-1.010884479,0.328622687196521,0.811185948044062,-4.73992521,-0.098040212
BAGE,38.5128860007326,-1.010293896,0.328896005933964,0.811185948044062,-4.74027219,-0.227035799
BMP6,27.4073925530579,-1.009589968,0.329221993218776,0.811185948044062,-4.740685548,-0.105653055
IL16,45.3414714794654,1.00920261783643,0.329401472535864,0.811185948044062,-4.740912906,-0.04202919
SIX1,32.2912918640292,-1.008318063,0.329811595793795,0.811185948044062,-4.741431835,-0.060389204
ICAM5,36.9792410244129,-1.006643997,0.330588775601474,0.811185948044062,-4.742412921,-0.077125185
PRLR,28.351051936232,-1.006257888,0.330768211603792,0.811185948044062,-4.742639012,-0.052588152
FGF2,28.9196665709488,-1.006033939,0.330872318967135,0.811185948044062,-4.742770116,-0.10677738
SNAI1,25.6156457993295,-1.004664533,0.331509425955894,0.811185948044062,-4.743571272,-0.138211428
TRAF2,46.9740338744476,1.00427494205131,0.331690840625135,0.811185948044062,-4.743799035,0.116559438139764
RNF43,27.5421704742008,-1.003907649,0.331861937235133,0.811185948044062,-4.744013697,-0.133771975
CACNG6,26.18324071,-1.001722433,0.332881182930388,0.811185948044062,-4.745289504,-0.133273129
APOE,13.2820506573772,-1.000966876,0.333234115412645,0.811185948044062,-4.745730096,-0.339333907
IDH2,59.0091352344102,1.00028743424713,0.333551721303426,0.811185948044062,-4.746126072,0.212669763038033
IL5RA,24.282395663041,-0.998387419,0.334441031927565,0.811185948044062,-4.747232225,-0.075744794
AKT1,72.7026010350566,0.997563611042836,0.33482714354751,0.811185948044062,-4.747711296,0.0504380464898493
EIF2AK2,43.9165054723052,-0.997523674,0.334845869934892,0.811185948044062,-4.747734512,-0.143533163
IL1R1,47.5107848641608,-0.995273887,0.335901985476014,0.811185948044062,-4.749041144,-0.088325995
LAMC2,30.319076224685,0.993006470973945,0.336968773974254,0.811185948044062,-4.750355569,0.074766301989324
CLCF1,28.9703236143104,-0.992878232,0.337029180386953,0.811185948044062,-4.750429836,-0.211514111
CSF1,53.1084589553228,-0.992800682,0.337065713887311,0.811185948044062,-4.750474743,-0.055087802
GTF2H3,34.6242812625073,-0.991919413,0.337481073498472,0.811185948044062,-4.750984867,-0.066019618
MRC1,83.632436241281,-0.990254062,0.340575489869569,0.81238299585214,-4.751104264,0.0334582726129511
RPLP0,32.0223768544726,-0.991246324,0.337798558235705,0.811185948044062,-4.751374235,-0.416910633
IL2,30.9911135302973,-0.990759384,0.338028372417938,0.811185948044062,-4.751655785,-0.069475362
DDX43,26.2306363737327,-0.989870918,0.338447974627086,0.811185948044062,-4.752169204,-0.110417193
ATG10,29.7938293270724,-0.989305289,0.338715300795837,0.811185948044062,-4.752495869,-0.136202994
PIK3CA,32.4820821604894,-0.988546361,0.33907421888527,0.811185948044062,-4.752933927,-0.192801564
CRLF2,26.9124339670864,-0.98799072,0.339337168111147,0.811185948044062,-4.753254472,-0.147133133
PMAIP1,36.7244778796906,-0.984479745,0.341002030625932,0.81238299585214,-4.755276498,-0.039698017
TANK,54.4299333420213,0.984098995438924,0.341182924858432,0.81238299585214,-4.755495422,0.012583846362243
WNT4,27.9713745762798,-0.980067977,0.343102227971422,0.813037899463122,-4.757808906,-0.075139683
BLM,27.1150833991618,-0.97940837,0.343417014372773,0.813037899463122,-4.758186723,-0.120270951
LEP,25.3071684077348,-0.978555488,0.343824339995116,0.813037899463122,-4.758674935,-0.047897754
PLA2G1B,29.9808634176022,-0.978046325,0.344067672472319,0.813037899463122,-4.758966227,-0.094555315
RUNX1,43.7410490769456,-0.977649657,0.34425732696583,0.813037899463122,-4.759193073,-0.138820824
DLL1,36.8580300821233,-0.976653327,0.344734016662784,0.813037899463122,-4.759762519,-0.048186614
ITPK1,44.2230335589621,-0.976015098,0.345039619109859,0.813037899463122,-4.760127043,-0.023381242
DKK4,30.6905479672939,-0.975998559,0.345047541218069,0.813037899463122,-4.760136487,-0.176598361
CES3,30.8201716161648,-0.974551537,0.345741135658201,0.813125033248137,-4.760962212,-0.01131965
RIMKLB,39.829725057351,-0.973641552,0.346177817486064,0.813125033248137,-4.761480965,-0.078700284
CXCL8,25.3489189982124,-0.97241769,0.346765734648922,0.813125033248137,-4.762178018,-0.21829269
RIPK2,32.3697456783513,-0.971713021,0.347104561141659,0.813125033248137,-4.762579035,-0.115743706
MSH2,33.4693267601719,0.971232229247988,0.347335874316026,0.813125033248137,-4.762852509,0.0995927462460858
TMEFF2,30.5622816364086,-0.970315986,0.347776987178425,0.813125033248137,-4.763373356,-0.053904899
A2M,66.049307996301,-0.966193756,0.350880604725871,0.814812750021691,-4.765270889,-0.07901188
LEFTY1,26.5401621772701,-0.963095138,0.35126715167042,0.814812750021691,-4.767463866,-0.132513833
MYCT1,39.0131624079203,-0.963081048,0.351273985650976,0.814812750021691,-4.767471823,-0.119008889
WNT6,26.361113567029,-0.962712311,0.351452872024624,0.814812750021691,-4.767680024,-0.11832508
ARG1,35.6064247557018,-0.962382952,0.351612708972013,0.814812750021691,-4.767865936,-0.093542672
MET,29.7360764400914,-0.962130076,0.351735463358998,0.814812750021691,-4.76800864,-0.077290369
CD86,39.7327693364076,-0.960813642,0.352374989302966,0.814812750021691,-4.768751031,-0.123661648
CDKN1C,33.7589030483902,-0.960614017,0.352472038238449,0.814812750021691,-4.768863534,-0.175868981
CALML5,25.410992832241,-0.959581085,0.352974504659201,0.814812750021691,-4.769445356,-0.1083399
LRRC32,31.7047553330913,-0.959537762,0.352995589827278,0.814812750021691,-4.769469747,-0.039527026
PPP3CC,36.4986113491095,0.957348993956876,0.35406200850373,0.815883762082176,-4.770700852,-0.078458492
BRD2,86.4248890656446,0.956443953748475,0.354503622315972,0.815883762082176,-4.771209222,-0.040710971
IFNAR1,33.0724613867586,-0.954587071,0.355410890801018,0.815883762082176,-4.772250997,-0.005329943
SPOP,46.0914089598137,0.954276521559499,0.355562782755954,0.815883762082176,-4.772425062,0.0449807109942858
CPSF7,45.0091346543239,0.95346884629535,0.355958034026401,0.815883762082176,-4.772877547,-0.052764623
ARID1A,68.3626213551855,0.953053974112448,0.356161178701435,0.815883762082176,-4.773109848,-0.026649486
C8G,26.0710477475244,-0.951279067,0.357031185257042,0.816142616290978,-4.774102725,-0.260144062
RBX1,58.71266693,0.950985965524987,0.3571749970854,0.816142616290978,-4.774266536,0.0939118942134759
TNFRSF10B,46.8273527486718,-0.948028149,0.358628524353937,0.818431846510496,-4.775917273,-0.077412196
CD1E,56.8795523927026,-0.947385003,0.359487936512782,0.819361183598945,-4.776049043,-0.126174234
DTX3L,46.9677529996391,-0.944363298,0.360435200297305,0.820488169521001,-4.777956643,-0.071121074
PRM1,28.1725803947906,-0.94225988,0.361474979794339,0.821822664225022,-4.779124144,-0.093592717
CXCL13,40.7239965858165,0.940419818014756,0.363244200348226,0.823777836083836,-4.779779137,0.372960394970867
GRIN1,27.0351731840119,-0.93931235,0.362935523644733,0.823777836083836,-4.780756501,-0.168274522
MIA,45.886665723143,-0.937548876,0.363811301358437,0.824032597576861,-4.781731073,-0.066799327
MPPED1,26.117061952874,-0.935098878,0.365030445177448,0.825761756131756,-4.783082499,-0.079213023
NPM2,34.7054616917232,-0.930896158,0.367128327509428,0.829001647825232,-4.785393818,-0.05082547
MAPK12,32.9314621717763,-0.930397765,0.367377661812175,0.829001647825232,-4.785667332,-0.033032467
IFI35,55.4778262598122,-0.928487894,0.369020441689497,0.830344888075074,-4.786413983,-0.087117564
CEACAM8,25.8616637694737,-0.927012829,0.369074151638442,0.830344888075074,-4.787521703,-0.068207787
FZD6,29.6083459812317,-0.925919444,0.369623293067141,0.830344888075074,-4.788119476,-0.068667262
FANCG,34.5143547680804,-0.924293638,0.370440875205431,0.830344888075074,-4.789007236,-0.047037281
USP9Y,28.8195144743741,-0.919264252,0.372977902447314,0.830344888075074,-4.791745164,-0.002671724
TSPAN7,54.5871529457858,-0.918276295,0.37415602279105,0.830344888075074,-4.791977573,-0.060217366
IL1RN,36.7901452553288,-0.918347558,0.373797385580847,0.830344888075074,-4.792083393,-0.157288698
PRMT8,26.6950629485619,-0.917801369,0.373718069634167,0.830344888075074,-4.79253917,-0.10753906
HLA-DPA1,189.765845234475,-0.914697599,0.377420874449557,0.830344888075074,-4.793260448,0.0393804481460351
IL10,25.9221528366818,-0.913924022,0.375684730768716,0.830344888075074,-4.794638499,-0.115849527
LEPR,33.9753819754525,-0.913834102,0.375730423470528,0.830344888075074,-4.794687095,-0.074977943
MEN1,37.4118794829751,0.913533999453868,0.375882947684762,0.830344888075074,-4.794849254,0.0386809990804666
FOSL1,30.0121386724724,-0.912928259,0.376190938481346,0.830344888075074,-4.795176425,-0.12616471
SPINK1,27.1337074350473,-0.91258329,0.3763664164061,0.830344888075074,-4.795362667,-0.076080876
CCL20,27.8101740528587,-0.911034953,0.377154706654566,0.830344888075074,-4.796197849,-0.170090306
CD47,74.3454466029928,0.910876074756629,0.377235658687834,0.830344888075074,-4.796283481,0.0186444375678792
ATG7,50.6843166644091,0.909550088074823,0.377911739350805,0.830344888075074,-4.796997666,0.0772803658528289
DKK1,30.2600802380891,-0.907492293,0.378962580714643,0.830344888075074,-4.798104261,-0.059754539
PDK1,37.5609240467982,-0.907347775,0.379036455391691,0.830344888075074,-4.798181897,-0.230325285
CSF2RB,80.2898710192285,-0.905314078,0.381528691952844,0.830344888075074,-4.798605186,-0.136855021
SAA1,31.0493879669117,-0.906509285,0.379465268629927,0.830344888075074,-4.798632131,-0.203725607
C6,26.6648738273108,-0.906408273,0.37951694964534,0.830344888075074,-4.798686346,-0.075105032
SELP,30.8634396094612,-0.906332284,0.379555830959851,0.830344888075074,-4.798727128,-0.134252559
WNT3A,22.894837979085,-0.905949816,0.379751570808039,0.830344888075074,-4.798932346,-0.095554794
FUT5,25.1260327043712,-0.901052979,0.382263740432462,0.830344888075074,-4.801553305,-0.115018107
IL1RL1,27.7332806422227,-0.900192905,0.382706135532357,0.830344888075074,-4.8020124,-0.080743608
TSHR,28.8380165662448,-0.900064197,0.382772368704034,0.830344888075074,-4.80208107,-0.100113477
HRAS,33.3682795891466,-0.89799663,0.38383740502038,0.830344888075074,-4.803183048,-0.173106884
IL1A,34.1202048120815,-0.89796342,0.383854528285362,0.830344888075074,-4.80320073,-0.086625617
CD84,50.9536388687089,0.897250184185057,0.384222403143127,0.830344888075074,-4.80358036,-0.014340981
MSR1,28.8609357223591,-0.897076428,0.384312059641553,0.830344888075074,-4.803672806,0.0210249376002379
ETS2,72.2028133092692,-0.896464468,0.384996344071838,0.830344888075074,-4.803825448,0.0271747311927873
P2RY13,53.0418570416128,-0.895305566,0.385226616154061,0.830344888075074,-4.804614107,-0.061705002
DMBT1,25.4220128005866,-0.891485721,0.3872043675951,0.830344888075074,-4.806639144,-0.077788438
LAMA1,32.534366233818,-0.888763021,0.388618238389995,0.830344888075074,-4.808078036,-0.095157584
ARMH3,45.4357027923004,-0.888648776,0.388677640972004,0.830344888075074,-4.80813833,-0.079786284
LILRA3,25.6470845807651,-0.888286087,0.388866262928141,0.830344888075074,-4.808329699,-0.201275028
NSD1,52.8228161479755,0.888004207185345,0.389012901717318,0.830344888075074,-4.808478384,0.00284293458818857
APOC3,34.3355096871427,-0.887750271,0.389145035603915,0.830344888075074,-4.808612295,-0.085495121
CKLF,76.7966923002113,-0.88699605,0.389846728337558,0.830344888075074,-4.808862205,-0.040531716
CACNA1C,28.7664559702734,-0.887073397,0.389497389251984,0.830344888075074,-4.808969078,-0.143110922
TTC30A,30.93836165,-0.886231589,0.389935901012802,0.830344888075074,-4.809412474,-0.124459145
AMBP,28.9441762318959,-0.885523012,0.390305267659406,0.830344888075074,-4.809785416,-0.126447423
CD83,69.5764842205105,0.884077518308403,0.392643581170155,0.830344888075074,-4.809785825,-0.011956408
NDUFS8,60.2827021129735,0.885401138392259,0.390368821343011,0.830344888075074,-4.809849535,0.131090025961413
FAP,29.1659952008699,-0.884340065,0.390922437301597,0.830344888075074,-4.810407462,-0.105025962
STAT1,133.334726737551,-0.881856529,0.394846863366216,0.830344888075074,-4.810448044,-0.332198069
PEBP1,81.5348353102442,0.883703516501545,0.391692321992482,0.830344888075074,-4.810531676,0.128230973133229
IFNL1,29.1201977531206,-0.883800335,0.391204243905932,0.830344888075074,-4.810691039,-0.043510048
DUSP5,42.2344689495571,-0.883602844,0.39130739314279,0.830344888075074,-4.810794765,-0.174466224
MBNL1,109.686777806871,0.881789186482063,0.393559937515575,0.830344888075074,-4.811118117,-0.003676929
AKR1C4,24.8033590531699,-0.882718111,0.391769711328158,0.830344888075074,-4.8112592,0.0338997752996167
CCL24,31.8335035414593,-0.880806043,0.392770116856865,0.830344888075074,-4.812261568,-0.061925189
HSPA2,28.4274207432852,-0.879856176,0.393267728853909,0.830344888075074,-4.812758827,-0.08384099
CHIT1,27.9364826238132,-0.87773763,0.394379104026896,0.830344888075074,-4.813866236,-0.163224453
PDGFRA,30.8430097158922,-0.877734495,0.394380750175816,0.830344888075074,-4.813867873,-0.099568926
COL5A1,30.4232444637258,-0.876417546,0.395072673267953,0.830344888075074,-4.814555115,-0.062862386
MAPKAPK2,78.8355664695944,0.874779108723074,0.395934638513856,0.830344888075074,-4.815408887,0.0616441809491974
CNOT2,47.5177763392529,0.873172502255021,0.396781076626138,0.830344888075074,-4.816244741,0.0713757584107964
EPHA2,30.1234985591824,-0.871318577,0.397759314103075,0.830344888075074,-4.817207624,-0.054451306
NKX3-1,31.7616477359558,-0.871168819,0.397838404800376,0.830344888075074,-4.817285328,-0.073885888
IL3,29.4433729925348,-0.87033634,0.398278249791775,0.830344888075074,-4.817717061,-0.079077571
BRCA1,27.3921928966701,-0.86939446,0.398776287204513,0.830344888075074,-4.818205103,-0.100024336
CDK2,39.1521554086568,-0.869111162,0.398926167954378,0.830344888075074,-4.818351807,-0.062563338
HMGB1,47.9085086629346,-0.8681372,0.399441734219711,0.830344888075074,-4.818855853,-0.137225726
FEZ1,31.6025862946835,-0.867576046,0.399738982238085,0.830344888075074,-4.819146041,-0.051974025
GATA1,29.4166057783975,-0.86732682,0.399871046250402,0.830344888075074,-4.819274871,-0.139178302
TRAF7,52.8816725028218,0.866589282464729,0.400262035723407,0.830344888075074,-4.819655932,0.0686307358329067
CD58,43.5592932641423,-0.865688349,0.400739990258173,0.830344888075074,-4.820121035,-0.051352658
GLI1,25.0958188483558,-0.865266001,0.400964181093761,0.830344888075074,-4.820338927,-0.128210154
PAX3,32.2255470942221,-0.864659638,0.401286196333498,0.830344888075074,-4.820651594,-0.111325475
SRSF2,80.8889592337304,0.863836466367915,0.401723624199508,0.830344888075074,-4.821075754,0.0831942573050606
MX1,62.5832659212222,-0.86026068,0.405825373523778,0.830344888075074,-4.821817633,-0.334760493
CD3EAP,38.8306369755938,0.861398684442403,0.403020901105059,0.830344888075074,-4.82232984,0.0326524645516066
PBRM1,49.3077762953828,-0.861083319,0.403188926885648,0.830344888075074,-4.822491852,-0.075696795
ANXA1,58.406896813684,0.86064479008355,0.403422650939581,0.830344888075074,-4.822717053,0.195171213123153
REN,30.3462383839071,-0.857640022,0.405026524192876,0.830344888075074,-4.824257443,-0.110167501
LAMC3,25.582859917723,-0.857470852,0.405116948419921,0.830344888075074,-4.82434403,-0.111131229
VCAM1,106.927248472501,0.855049936876211,0.40827577967824,0.830344888075074,-4.824643966,0.405582309105023
ZBTB20,32.2685501611255,-0.855663633,0.406083769439603,0.830344888075074,-4.8252681,-0.193398352
PRKAA2,37.7753604871745,-0.852925116,0.407551714382098,0.830344888075074,-4.82666515,-0.017949903
SIRT4,33.5772071942165,-0.852590049,0.407731562486019,0.830344888075074,-4.826835818,-0.138737465
CSF3,26.9091149969292,-0.85188022,0.408112737798448,0.830344888075074,-4.827197181,-0.114842407
FPR2,27.3832407793331,-0.851418104,0.408361018658377,0.830344888075074,-4.827432298,-0.081011258
PML,43.0346441588091,-0.850464009,0.40887393895744,0.830344888075074,-4.827917374,-0.077679281
SERPINB2,28.8723612988765,-0.850067975,0.409086971201617,0.830344888075074,-4.828118586,-0.03298604
CCR6,39.5728828201321,-0.848400052,0.409984970634127,0.830344888075074,-4.828965111,-0.260540435
SAMD9,40.5054405371613,-0.848291817,0.410043288191371,0.830344888075074,-4.829019993,-0.084859973
PLCB4,27.7536598523318,-0.848100556,0.410146354357452,0.830344888075074,-4.829116962,0.00897091774251759
TAL1,28.7187285760559,-0.847779364,0.41031947545653,0.830344888075074,-4.829279762,-0.101136471
INHBA,24.0953597000159,-0.847313668,0.410570569222907,0.830344888075074,-4.82951571,-0.083177768
CFP,50.388609545356,-0.846285049,0.411125537045475,0.830344888075074,-4.83003647,-0.021279505
SLAMF1,36.2205919452629,-0.846198354,0.411172333744847,0.830344888075074,-4.830080336,-0.133350639
CAPN2,56.0356939096999,0.844079142291867,0.412317343234331,0.830344888075074,-4.831151407,0.156541435337137
RELN,30.3654931803955,-0.843369808,0.412701062763836,0.830344888075074,-4.831509391,-0.054034599
ID4,27.8715011837184,-0.842650302,0.413090524341882,0.830344888075074,-4.831872241,-0.044036301
MR1,35.3903547664633,-0.842515458,0.413163540436433,0.830344888075074,-4.831940214,-0.097052773
BMP2,28.9137869326173,-0.842412011,0.413219561855106,0.830344888075074,-4.831992353,-0.110754519
NFATC3,64.0600960275691,0.842190653588427,0.413339453114634,0.830344888075074,-4.832103903,-0.114843717
TLR5,32.1465196570523,-0.840731466,0.414130347177946,0.831012391014882,-4.832838605,-0.029124891
AMER1,30.334048210786,-0.839552079,0.414770309653167,0.831375886163207,-4.833431617,-0.062147904
IL21R,54.7308500707667,0.836888258675807,0.416218137927789,0.833356094944921,-4.83476836,-0.023696228
HLA-B,1741.17517098133,0.833705663012747,0.420580423943373,0.833360247993123,-4.834998371,0.18788254029345
ALK,26.4638534578221,-0.835511281,0.416967838827701,0.833360247993123,-4.835457898,-0.070481713
OAS3,53.6441028925074,-0.831753011,0.420096016679554,0.833360247993123,-4.836774039,-0.106303153
KRT5,33.1894539423498,-0.832438294,0.418644112317335,0.833360247993123,-4.836993168,-0.199605761
RAD51C,38.5408575186461,-0.831942357,0.418915050197924,0.833360247993123,-4.837240478,-0.111842568
CDC14B,35.2029102218734,-0.830748567,0.419567702335626,0.833360247993123,-4.837835259,-0.054551201
PTPN11,60.3673037576655,0.830261507021151,0.41983417121671,0.833360247993123,-4.838077713,0.0522585835183348
TOP2A,40.4531899356547,0.82970043552367,0.420141267559804,0.833360247993123,-4.838356855,0.26964286300063
APP,89.2911532722222,-0.827781704,0.422547949113573,0.834844616173104,-4.838601302,0.0444454244193935
KRAS,43.0233264836555,-0.828916609,0.420570530492806,0.833360247993123,-4.838746546,-0.049953186
FGF6,32.0276721863776,-0.828269426,0.420925175433272,0.833360247993123,-4.83906806,-0.059274137
PPARGC1A,26.1430645223096,-0.827623651,0.421279242362969,0.833360247993123,-4.839388657,-0.103522527
GRB7,27.0306828529592,-0.823688156,0.423441178495674,0.834844616173104,-4.841337723,-0.061441078
HDAC6,40.4653613104557,0.821483388018182,0.424655485431229,0.834844616173104,-4.842426092,0.0912899135643843
MAGEC2,32.1819398651798,-0.820920656,0.424965778492839,0.834844616173104,-4.842703473,-0.056804145
ID2,92.1808720339556,0.81886918052716,0.42757116812744,0.834844616173104,-4.842934358,0.150822037060626
ATG12,31.5416856730472,-0.820278353,0.425320125919182,0.834844616173104,-4.843019872,-0.048106419
IL1RL2,34.4248833588332,-0.820257924,0.425331399418808,0.834844616173104,-4.843029932,-0.031543283
JAG2,28.6237079505974,-0.820081673,0.425428668837497,0.834844616173104,-4.843116713,-0.090275715
PTGS2,32.3985232235093,-0.817173048,0.427035959279172,0.834844616173104,-4.844546491,-0.125446157
RPS6KB1,35.934209119045,-0.816355146,0.427488631595323,0.834844616173104,-4.844947742,-0.128833811
CD207,40.2832282221525,-0.816270313,0.427535600504995,0.834844616173104,-4.84498934,-0.074226551
AFDN,22.5851342587308,-0.813758072,0.4289280443291,0.834844616173104,-4.846219493,-0.120017658
GLS,45.7840116369498,0.812586225531799,0.429578552994245,0.834844616173104,-4.846792168,-0.095429937
CD1A,30.9123517520378,-0.811850458,0.429987311532958,0.834844616173104,-4.847151363,-0.007936568
MYC,54.7743220167397,0.81161061553614,0.430120611113604,0.834844616173104,-4.84726839,0.0215656877757897
MAGEA3/A6,42.4324752590799,0.810587002767579,0.430689811997592,0.834844616173104,-4.847767504,0.0408431379154759
SIN3A,50.0071984155841,0.808607774441131,0.431791772694678,0.834844616173104,-4.848731008,-0.019748471
RAF1,47.2638130698104,-0.807098177,0.432633473815974,0.834844616173104,-4.849464501,-0.104458466
DEFB1,27.4502589878986,-0.806989453,0.432694135259925,0.834844616173104,-4.849517282,-0.092513715
ASL,45.6140618809009,-0.806250034,0.433106831172851,0.834844616173104,-4.849876074,-0.03287619
TNFSF4,29.7993260512655,-0.805331972,0.433619583774202,0.834844616173104,-4.850321148,-0.075055752
C4BPA,26.5437785405414,-0.804858705,0.433884062701838,0.834844616173104,-4.850550412,-0.097806904
EWSR1,96.6313933031767,0.804294093128966,0.434686125285853,0.834844616173104,-4.850561949,0.0145967203598106
NPM1,62.4095842486794,0.804627918899942,0.43410657925908,0.834844616173104,-4.850611834,-0.06105953
THBS1,58.9881599883221,-0.803012634,0.435488187562459,0.834844616173104,-4.851135543,0.0294247669949654
CXCL12,133.514764410455,-0.801121701,0.438155920542632,0.835624156694209,-4.851181066,-0.100099052
IL4R,57.2907415267366,0.803302935230963,0.434754210600637,0.834844616173104,-4.851303236,-0.022578619
TNFSF15,27.8376779452325,-0.802591333,0.435152583556173,0.834844616173104,-4.851647147,-0.065815316
BBC3,37.3940121892398,-0.802322055,0.435303392795376,0.834844616173104,-4.851777217,-0.091476013
IRAK1,53.5457018968564,-0.801545084,0.43573872307679,0.834844616173104,-4.852152303,-0.07099958
CD55,38.4291672345642,0.800550917995501,0.436296151012898,0.834844616173104,-4.852631775,0.094747072282049
PAX8,29.0750804347357,-0.800522164,0.436312280086054,0.834844616173104,-4.852645634,-0.09735732
IFNGR2,74.8452905719197,-0.798957431,0.437190564948808,0.835624156694209,-4.853399196,-0.057743921
PSPH,34.0164285744279,-0.797834361,0.437821637865666,0.835624156694209,-4.853939256,-0.080641432
MAPK14,61.9220077298687,0.79546293545131,0.439156086270188,0.835624156694209,-4.855077423,0.114073161325107
BRCA2,27.5831570631232,-0.792876737,0.440614333478538,0.835624156694209,-4.856315263,-0.04449821
CD28,44.4355140140866,0.792347370961252,0.440913198902256,0.835624156694209,-4.856568196,-0.143543618
CDH5,35.7322805330504,-0.792214986,0.440987959813451,0.835624156694209,-4.856631427,0.011145953420958
COL5A2,26.6698750389168,-0.791281852,0.44151515039403,0.835624156694209,-4.857076853,-0.057119136
FH,41.3955096890246,0.790608400281141,0.441895876974694,0.835624156694209,-4.857398034,0.173655164727446
CD38,43.3252342369642,-0.790364306,0.442033923467225,0.835624156694209,-4.857514386,-0.108076396
CD80,41.2380085926654,-0.789174576,0.443315009844491,0.835624156694209,-4.85774872,-0.200824602
CD4,162.735054041675,0.786642823775869,0.445683629124121,0.835624156694209,-4.858440181,0.204493655563326
PYCR1,25.1226405776778,-0.787522823,0.443642921038903,0.835624156694209,-4.858866506,-0.037785963
EGFR,32.1851943429003,-0.787180559,0.443836978588022,0.835624156694209,-4.859029082,-0.075731691
ATP11C,41.2119206048032,0.786938564306711,0.443974217168911,0.835624156694209,-4.859143992,-0.014987607
IL13,25.8272974733487,-0.786808252,0.444048130618497,0.835624156694209,-4.859205857,-0.084643494
TICAM1,36.5850201134486,-0.784481458,0.445369196113919,0.835624156694209,-4.860308966,-0.130746118
MAP2K4,43.0984103182665,-0.784005615,0.445639666886729,0.835624156694209,-4.860534203,-0.038799826
HDAC3,49.4524952561791,-0.783362297,0.446005494954321,0.835624156694209,-4.860838519,-0.098069095
CD68,185.750961151754,0.780152799439757,0.449949446381211,0.836213740351543,-4.861188229,0.405407706593361
ATG16L1,41.208712534837,0.7821974694214,0.446668365728255,0.835624156694209,-4.861388969,-0.045888995
BCL2L1,49.8957363856349,-0.782127733,0.446708070406883,0.835624156694209,-4.861421901,-0.039510578
GRIA3,26.9273643565314,-0.781851729,0.446865236112963,0.835624156694209,-4.861552212,-0.069935499
ATF2,48.8868202490732,0.779435625219757,0.448242529774987,0.836077942597532,-4.862691203,0.0872683942351019
CDC14A,35.8403072779476,0.779401705421145,0.448261884632457,0.836077942597532,-4.862707171,-0.028824831
BCL10,32.3765139818092,-0.778303324,0.448888912042778,0.836077942597532,-4.863223912,-0.10242754
NASP,61.3540209584544,0.777971344475769,0.449078535622806,0.836077942597532,-4.863379967,0.0422712527101164
TCF7L1,34.0646221792688,-0.777382565,0.449414964729579,0.836077942597532,-4.863656592,-0.101675396
PIK3R2,30.42631314,-0.775108805,0.450715676743317,0.836779514609518,-4.864723122,-0.080081645
LDHA,28.5021701063337,-0.774173381,0.451251473146503,0.836916754699554,-4.865161086,-0.124667613
HLA-DMA,171.690020534731,-0.770589054,0.455072949520887,0.839399645159898,-4.865854558,0.0212188491644421
ITGB2,209.681866066111,-0.769372937,0.455768957116879,0.839399645159898,-4.866421632,0.0669938794081892
ARG2,35.2041967073578,-0.768640232,0.454428918501972,0.839399645159898,-4.867742088,-0.068938013
TNFRSF4,37.5056861388522,0.768229702790611,0.454665222181848,0.839399645159898,-4.867932928,0.0250962046517537
ST6GAL1,67.4329903392066,0.766586186906884,0.455612008773453,0.839399645159898,-4.86869603,-0.017119857
HOXA9,32.6965912747581,-0.76607812,0.455904941141567,0.839399645159898,-4.868931637,-0.079043349
ANLN,37.4680920673074,0.765920066126048,0.455996092817915,0.839399645159898,-4.869004903,0.140175638418178
HGF,29.6782573923804,-0.764989711,0.456532870747226,0.839399645159898,-4.869435898,-0.048759772
NRDE2,37.4298615391694,-0.763796096,0.457222114841399,0.839399645159898,-4.869988167,-0.054499842
CCNO,21.4692831542576,-0.763795162,0.457222654400011,0.839399645159898,-4.869988599,-0.157942924
UBA7,53.6074305506333,0.761747499811159,0.458406566180875,0.839703129496506,-4.870934232,-0.017535431
SH2D1B,35.3901600214185,0.761554659386347,0.458518160048236,0.839703129496506,-4.871023171,0.175566505527369
CMA1,28.0360016719307,-0.761105409,0.458778199890475,0.839703129496506,-4.871230291,-0.001576834
P4HA1,55.1759934372967,0.760169726545545,0.459320094789667,0.839846631441854,-4.871661321,0.124717642153195
TGFBR2,99.4453196613128,-0.75627221,0.462661555363142,0.840865334320977,-4.872844409,-0.125060731
ROR2,27.1436404395435,-0.756949236,0.461188251598023,0.840596311651105,-4.873141254,-0.08435639
MAP4K2,46.1959074534108,0.756429282627969,0.461490308294668,0.840596311651105,-4.873379665,0.0453363658097429
LBP,28.1143260535765,-0.755725521,0.461899339252947,0.840596311651105,-4.873702124,-0.019828989
NUP107,41.2747411619483,0.755674889279379,0.461928775560751,0.840596311651105,-4.873725313,0.00887485185143907
MBNL3,35.5688355989908,0.75546703708812,0.462049628258554,0.840596311651105,-4.873820493,0.0678528663077429
CXCL6,25.5517988061337,-0.752635806,0.46369774998413,0.841670504487604,-4.875114638,-0.157983345
COL4A6,26.8924597993348,-0.751789804,0.464190928695083,0.841670504487604,-4.8755005,-0.045014222
PLCE1,28.6455996911943,-0.749357385,0.46561070966224,0.841670504487604,-4.876607764,-0.057568216
ABCB1,34.2412585603193,-0.74890712,0.465873818019038,0.841670504487604,-4.876812378,-0.071879684
PKMYT1,28.3809227700688,-0.748548267,0.46608357589167,0.841670504487604,-4.876975372,-0.050029772
DTX3,31.0603094450728,-0.747472728,0.466712599969643,0.841670504487604,-4.877463472,-0.134335047
LFNG,45.4726097831803,0.747431112660693,0.466736949132147,0.841670504487604,-4.877482346,0.053125882488867
TCF3,41.9737217892102,0.747288219841909,0.46682056126382,0.841670504487604,-4.877547143,-0.040439989
SMAP1,39.1220383049229,0.746340475512956,0.467375355829033,0.841833145886886,-4.877976632,0.0659569177074626
PNOC,30.0432895355532,-0.744263301,0.468592714163384,0.843187684274132,-4.878916236,-0.118959754
ACY1,30.897938124057,-0.740820192,0.470614868410929,0.843311783938984,-4.880468546,-0.109499057
SERINC3,61.5484707925031,0.740742422948859,0.470660604267066,0.843311783938984,-4.880503533,0.022626046753038
CD276,37.2017728067815,-0.74059852,0.470745239801071,0.843311783938984,-4.880568264,-0.045684371
LAMA5,31.4491210023243,-0.740483548,0.470812867107783,0.843311783938984,-4.880619974,-0.148088086
SSX1,61.2269693510699,-0.73734635,0.474129601892382,0.843311783938984,-4.881191453,-0.4825603
CLEC14A,30.039976190186,-0.737986153,0.472283304926485,0.843311783938984,-4.881741413,-0.041604269
CLEC5A,30.0366853203194,-0.737784788,0.472401988158876,0.843311783938984,-4.881831686,-0.115517287
ILF3,79.841408903828,0.736264749572831,0.473343781408643,0.843311783938984,-4.882486567,0.0184939517927618
RORC,32.481087340826,-0.736053218,0.473423314284162,0.843311783938984,-4.882607049,-0.150458045
BDNF,27.3640588821957,-0.734726329,0.474206856756647,0.843311783938984,-4.883200095,-0.12809047
OLR1,32.0015400664698,-0.73435554,0.474425952784372,0.843311783938984,-4.883365646,-0.051156504
GUSB,34.9014254022765,-0.733019143,0.475216127265661,0.843311783938984,-4.883961698,-0.027285664
SPACA3,27.6530592283102,-0.731117584,0.476341843154585,0.843311783938984,-4.884808139,-0.074572607
MAP3K20,43.3168139181073,-0.730789981,0.476535946125444,0.843311783938984,-4.884953765,-0.029476491
CDKN2B,27.6445671332358,-0.730694291,0.476592650616123,0.843311783938984,-4.88499629,-0.004560183
PDGFB,32.6940012763929,-0.72958912,0.477247858602566,0.843311783938984,-4.885487069,-0.052085982
FZD10,27.6898677937103,-0.729493898,0.477304336744824,0.843311783938984,-4.885529323,-0.115978292
WNT7B,23.9123164618097,-0.728667629,0.477794586909842,0.843311783938984,-4.885895769,-0.014366952
FZD4,33.8835319044979,-0.728245983,0.478044879794831,0.843311783938984,-4.886082622,-0.01869215
NODAL,28.1355229457683,-0.728138441,0.478108729918282,0.843311783938984,-4.886130264,-0.004484892
MYB,36.4318038747428,0.727588773931937,0.47843516219055,0.843311783938984,-4.886373672,0.0949094402842584
DNMT1,56.8290858438346,0.726558378416201,0.47904744861386,0.843570434293794,-4.886829513,0.157003663260759
HAVCR2,48.6104382441197,0.725355158895488,0.479763029893641,0.84401030113328,-4.887361074,0.222676148681704
IRF7,72.0336123121255,-0.721002826,0.483788851317686,0.846163512150239,-4.88845384,-0.045323475
IKBKG,38.070277968046,0.722111027982496,0.481695596600961,0.846163512150239,-4.888790314,0.0556570219609812
PLK1,33.8353249950417,0.720922170113625,0.482404984587242,0.846163512150239,-4.889312633,0.179164365130119
SOS1,38.9442873292408,0.720529356507349,0.482639513290428,0.846163512150239,-4.889485043,-0.054405748
GDF6,30.5675843896317,-0.719833169,0.483055338941378,0.846163512150239,-4.889790398,-0.019485773
TBK1,37.87640325,-0.718974918,0.483568259822169,0.846163512150239,-4.890166469,-0.057076015
MS4A6A,107.502742468481,0.713587830450769,0.488210395517326,0.851293266090179,-4.891700963,0.262123082252807
IL15RA,31.291357688316,-0.715270456,0.48578592322317,0.848837119460351,-4.891785052,-0.088148339
TOLLIP,43.9928220381907,-0.711134667,0.488268976195921,0.851293266090179,-4.89358316,-0.047441858
C3,86.5219830341396,0.707797589434164,0.491879947629093,0.853722667724058,-4.894100166,0.268111870350746
IGLL1,39.7030661728711,-0.70958562,0.489200941688321,0.851293266090179,-4.894254207,-0.065101591
MMP7,29.4727349801194,-0.709207965,0.489428314021272,0.851293266090179,-4.894417606,-0.03668607
C5AR1,29.5351312883994,-0.709021487,0.489540608866428,0.851293266090179,-4.89449826,-0.046947637
GPC4,27.5815802330243,-0.706692339,0.490944484706082,0.852916017533481,-4.895504026,-0.039565587
DLL4,31.0461930218961,-0.703640146,0.492787787635368,0.853802594062441,-4.896817474,-0.132419365
RASAL1,29.7026782063521,-0.703506845,0.492868384872689,0.853802594062441,-4.896874719,-0.126290349
SOX9,27.7342853323744,-0.702236949,0.493636591578002,0.854227809558375,-4.89741958,-0.081611563
FZD2,35.4070026073935,-0.701424566,0.494128402940439,0.854227809558375,-4.897767672,-0.153523175
DNAJC14,45.2382791445943,-0.700764642,0.494528130367956,0.854227809558375,-4.898050168,-0.164857819
TNFRSF10C,28.7647176947093,-0.698939518,0.495634635007058,0.855323770126465,-4.8988302,-0.138659515
PPP2CB,42.6016272223802,-0.696863166,0.496895225568128,0.856683300408609,-4.899715357,-0.06402712
KLRF1,29.2515857568776,0.695261502031165,0.497868914313061,0.857083092175456,-4.900396516,0.119190158436071
ITGAV,40.585953550722,0.694925826706346,0.498073121446333,0.857083092175456,-4.900539093,0.141109894131152
SREBF1,59.4440952438502,0.693515032524847,0.498931912802705,0.857746324476757,-4.901137635,0.054421265690513
IFNGR1,101.710766911985,-0.691392479,0.501317264516891,0.860176569286476,-4.90139998,-0.08725207
ERCC2,34.9380655757096,-0.69221009,0.499727043375981,0.858298959807845,-4.901690284,-0.075764092
TFEB,36.0676975419488,-0.688863381,0.501769665417111,0.860176569286476,-4.903103299,-0.082132559
IL12RB2,26.024451245075,0.687315739556159,0.502715899866833,0.860984130962856,-4.90375462,0.128372883520774
ENDOG,31.4594098120719,-0.686304846,0.503334527321353,0.861229616153249,-4.904179332,-0.090177407
SHC3,33.3268927658251,0.685358735260205,0.50391391285785,0.861407556696627,-4.904576309,0.154686851644414
LGALS9,98.4984088156597,0.683281367144335,0.506318366122831,0.8638878337237,-4.904785483,0.38314917712783
LY86,50.0340119665392,-0.681963496,0.505996314210749,0.8638878337237,-4.905996802,-0.030722788
KRT14,30.1962972697275,-0.679560192,0.507473354516584,0.865043949561665,-4.9069984,-0.093321414
PPBP,23.3091009867301,-0.672982716,0.511528565755429,0.871136993560938,-4.909723097,-0.028864289
CCL26,24.0802495111058,-0.672193215,0.51201657226311,0.871149322949065,-4.910048516,-0.079852932
CCL15,31.1183430460986,-0.670561797,0.513484942572682,0.871384719788554,-4.91045061,-0.45571234
RAC3,36.8018180281744,-0.669752726,0.513526784711459,0.871384719788554,-4.911052234,-0.15733653
LYZ,883.054918730654,0.664025241908266,0.519093715646861,0.871384719788554,-4.91221379,0.498193644750084
BRD4,76.1450358093117,0.666782708363563,0.515368132872769,0.871384719788554,-4.912269226,-0.010685456
KDM5C,38.5611455086693,0.663994711815373,0.517100076767122,0.871384719788554,-4.913407122,-0.009585688
ARNT,45.5700451662645,0.663363679660738,0.517492545379673,0.871384719788554,-4.913664065,0.0129491844253621
KITLG,22.1781145662433,-0.661827072,0.51844894708132,0.871384719788554,-4.914288804,-0.064632261
FGF16,32.563832878678,-0.660751866,0.51911876732095,0.871384719788554,-4.914725159,0.0220489558661724
ORC6,33.4086944633396,0.659698921625637,0.519775198381726,0.871384719788554,-4.91515185,0.136669351558691
SKP2,43.9373242247443,-0.659544393,0.519871575242971,0.871384719788554,-4.915214418,-0.033576758
IFNB1,27.950963798683,-0.659417847,0.519950507078892,0.871384719788554,-4.915265645,-0.017294441
IFI27,50.8155433781012,0.657029532971565,0.522911917877174,0.871384719788554,-4.915366694,0.638855701233575
CHAD,23.8219233761893,-0.658630188,0.520441956976147,0.871384719788554,-4.9155843,-0.071001825
TNFRSF14,60.8235665738142,0.658143332182399,0.520745856590401,0.871384719788554,-4.915781086,-0.03528043
APOB,32.3354233545618,-0.657864241,0.520920113121217,0.871384719788554,-4.915893834,0.0144912663458099
NF2,43.2838359687359,-0.65775663,0.52098731138702,0.871384719788554,-4.915937295,0.00823237615587676
WIF1,32.1998328193754,-0.656494726,0.521775681963858,0.871384719788554,-4.916446459,0.00302891716037322
MAGEA1,34.4939598366093,-0.656208894,0.521954348906992,0.871384719788554,-4.916561664,-0.033365612
CACNB3,28.6796359853995,-0.656030918,0.522065614979916,0.871384719788554,-4.916633374,-0.084597633
SFRP4,33.0530081004848,-0.655036713,0.522687414812688,0.871384719788554,-4.91703363,-0.025883328
POLE2,27.448764028945,-0.654770594,0.522853924022588,0.871384719788554,-4.917140673,0.0282223485036024
DPP4,38.3305970875382,-0.654554488,0.52298916203135,0.871384719788554,-4.917227568,-0.088395737
NCAM1,33.5963515056349,0.653834391418914,0.523439938264472,0.871384719788554,-4.917516927,0.15687272329167
MRE11,38.1832462729353,0.65266928574905,0.524169754615763,0.871384719788554,-4.917984485,0.0524593278595731
IL22RA2,31.9476551831805,-0.652657177,0.524177342477662,0.871384719788554,-4.91798934,-0.093627428
U2AF1,70.9867498516509,0.650675425326889,0.525420035997225,0.871932744871625,-4.918782844,0.128345900644635
SPRY4,32.7551396359488,-0.650326139,0.525639234759493,0.871932744871625,-4.91892247,-0.003959559
WEE1,32.8018210620461,0.649830128450069,0.525950601625103,0.871932744871625,-4.91912063,0.126052099602655
IFIT2,32.0085017305784,-0.648445887,0.526820099302471,0.872183314294433,-4.919672908,-0.067260145
CEP55,28.0018826821297,-0.64805716,0.527064420062033,0.872183314294433,-4.919827805,-0.002936437
MAPK9,50.8381797784529,-0.647085577,0.527675354579959,0.872397575272707,-4.920214582,-0.007893589
IGF2R,57.6626637503424,-0.645420697,0.528723164735286,0.87333306700122,-4.920876109,0.0504592195823071
CDKN2C,30.9939166768857,-0.644626728,0.529223269641954,0.873362991430984,-4.921191033,-0.002946263
HK1,53.0201150177912,0.643707307252081,0.52980272684983,0.873462598780658,-4.921555271,0.0623985650678864
IGF1R,37.8522496521838,0.642089039972152,0.530823491782758,0.873462598780658,-4.9221952,0.0372409318663327
CCL27,24.0526506199711,0.640674296350644,0.531716782465065,0.873462598780658,-4.92275343,0.0549244770375848
BMP8A,29.2583313799883,-0.640287908,0.53196090070445,0.873462598780658,-4.922905694,-0.075293755
IRAK4,43.507562824954,0.638886747787235,0.53284667185506,0.873462598780658,-4.923457137,-0.008361854
CDKN1B,46.2820745550935,0.637621776997933,0.533647056875989,0.873462598780658,-4.923954023,-0.075956344
IFNA7/17,28.5340611521016,-0.636724361,0.534215286172461,0.873462598780658,-4.924305981,-0.085173402
SIGLEC8,31.8640736902134,0.636577115889794,0.534308551646708,0.873462598780658,-4.924363685,0.200034186978398
CACNA2D4,27.4809257734228,-0.63655629,0.534321743391788,0.873462598780658,-4.924371846,-0.115909755
BCL6,52.6340061679865,-0.635831769,0.535082461102463,0.873462598780658,-4.924477871,0.0154224697562443
PSMB2,44.0990698579621,-0.636193022,0.534551880716304,0.873462598780658,-4.924514151,0.00343872779918177
PRDM1,39.6571918976568,-0.635543255,0.53496365798706,0.873462598780658,-4.924768501,-0.040877938
CCL5,49.3360295484359,0.634669405862305,0.536030350247209,0.873462598780658,-4.924808201,0.0936555941224989
ICAM2,62.5450483826252,0.633544503688293,0.536231437127296,0.873462598780658,-4.925549404,0.0732375856206151
FANCB,32.4488371534958,-0.632581263,0.536843003333534,0.873462598780658,-4.925924925,-0.025773364
IRAK2,27.8682031976786,-0.630860213,0.53793667217522,0.873462598780658,-4.926594566,-0.105781864
FGF4,30.6994180539523,-0.630845023,0.537946330152779,0.873462598780658,-4.926600468,-0.070300862
CEBPE,26.5836726535882,-0.630608187,0.538096930031295,0.873462598780658,-4.926692484,-0.034287678
SIGLEC1,79.3358299281981,0.628693293764438,0.540538458741157,0.875295520320801,-4.926714996,0.299089500966578
HSD11B1,30.2554192650112,-0.630064951,0.538442451897348,0.873462598780658,-4.926903423,-0.09083617
NLRP3,38.8969795394377,-0.627465834,0.540097305728566,0.875295520320801,-4.927910331,0.00176503820067922
SMARCA4,52.5655972132904,0.625656899030144,0.541250711123255,0.875666329067266,-4.928608846,0.0962693357475685
GNG7,32.382546011796,-0.62126305,0.544057956127493,0.87869408658892,-4.930297737,-0.098534752
COLEC12,36.3193379530246,-0.619965309,0.544888616943491,0.87869408658892,-4.930794447,-0.088893229
TPI1,35.0608023388035,-0.619575203,0.545138452506621,0.87869408658892,-4.930943571,-0.035290452
BRIP1,28.2500917986594,-0.618228709,0.546001272554267,0.87869408658892,-4.931457623,-0.022518347
FUT8,35.237904636156,-0.617155149,0.546689735209074,0.87869408658892,-4.931866733,-0.079901916
CASP12,27.2242107625781,-0.617133414,0.546703678482429,0.87869408658892,-4.931875008,-0.06004054
IL11RA,41.5740411653908,-0.616920956,0.546839983671621,0.87869408658892,-4.931955891,-0.091759819
CACNA1E,27.9940939753797,-0.616128604,0.547348492172507,0.87869408658892,-4.932257309,-0.048675063
MASP2,40.0092475057971,-0.615887549,0.547503245301379,0.87869408658892,-4.932348937,-0.031429498
POU5F1,29.3518449050061,-0.614449912,0.548426681662185,0.87869408658892,-4.932894711,-0.049828593
TNFSF12,55.8838417789999,0.614403654113891,0.548456408351031,0.87869408658892,-4.932912252,0.031717060835259
SMAD9,31.5094915583882,0.613051234521487,0.549325908693261,0.879309670099106,-4.933424558,0.046192944757665
FCGR3A/B,64.4581455676772,-0.610037161,0.552616082705307,0.881461568540507,-4.933768583,0.010447304189969
NDC1,35.6723446968431,-0.612015644,0.549992220893625,0.879599209407987,-4.933816137,-0.026959428
PLCG2,52.8531477889482,-0.609420774,0.551663725307634,0.881461568540507,-4.934794612,-0.083762443
CASP9,31.2622880329161,-0.608563846,0.552216327569577,0.881461568540507,-4.935116894,-0.03642788
MAD2L2,43.1949356549513,-0.605863234,0.55395982025874,0.881905782170022,-4.936129806,0.0101522948093578
CCR3,28.0976788292956,-0.605103845,0.554450612319575,0.881905782170022,-4.936413874,-0.063558857
KIT,24.4569943475955,-0.604926965,0.554564963377157,0.881905782170022,-4.936479992,-0.077540126
GNGT1,26.354759462713,0.603953800240501,0.555194331878573,0.881905782170022,-4.936843444,0.260818375692726
IRF3,55.8337268724217,0.603655319684951,0.555387443632199,0.881905782170022,-4.936954809,-0.078972546
MS4A1,45.0753554835167,-0.603050606,0.555814792074043,0.881905782170022,-4.937159109,-0.683130067
ABCF1,46.1750258204354,0.600503429060886,0.557428874896727,0.883563672680373,-4.938127675,0.0215876051782995
BST2,83.4250977395236,-0.598165463,0.560100424784757,0.883563672680373,-4.938315851,-0.016914017
CMTM4,32.3992721922021,0.59941473923318,0.558134940536847,0.883563672680373,-4.938531463,0.10356967440197
RASGRF2,30.542755668833,-0.598376499,0.558808735380132,0.883563672680373,-4.938915904,-0.130110584
VTCN1,32.237955763263,-0.598264017,0.55888175956576,0.883563672680373,-4.938957516,-0.038009224
NOS2,30.3517274475217,-0.596519593,0.560014914140264,0.883563672680373,-4.939601931,-0.094064418
GOT2,43.4730103395982,0.595999542362855,0.560352970727521,0.883563672680373,-4.939793706,0.0470971391917559
XRCC4,27.4903243890413,-0.594826112,0.561116154918098,0.883563672680373,-4.940225848,0.0109364194506127
EPO,26.5786843019899,-0.594536519,0.561304587832564,0.883563672680373,-4.940332375,-0.072062153
BLVRA,56.3851620567432,0.593629977700768,0.561894677504421,0.883563672680373,-4.940665534,0.146172150765181
GZMM,42.8550792088211,0.59312509305983,0.562223462803792,0.883563672680373,-4.940850876,0.0355014858325126
SNCA,27.9983989025664,0.591800285578573,0.563086677517322,0.883863735745986,-4.94133651,0.215252802
IL3RA,43.2545728855456,0.59062163461757,0.563855253967725,0.883863735745986,-4.941767715,0.166320783033122
PDGFD,30.5632613800067,-0.590587153,0.563877747528896,0.883863735745986,-4.941780318,-0.044246236
GADD45G,33.2548686558396,-0.589313639,0.564708827556285,0.884401379025055,-4.942245301,-0.013143359
PIK3R3,31.1238728078524,-0.588113206,0.56549281244628,0.884864400822676,-4.942682741,-0.079863967
CRABP2,22.5383797434617,-0.585585543,0.567145480923301,0.886684738078535,-4.943601102,-0.051213433
NDC80,30.8900791127533,-0.584717858,0.567713391308274,0.8868074698712,-4.9439155,-0.064128296
MARCO,98.5123701641146,-0.578148652,0.573427925534507,0.888078120571391,-4.945460376,0.169996928623832
MTF2,38.3730167017016,-0.579684644,0.571013619767232,0.888078120571391,-4.945730636,-0.01444978
CACNB2,26.0710929743235,-0.579522137,0.571120341871809,0.888078120571391,-4.945788996,-0.063012986
PRAME,29.269127767563,-0.57947552,0.571150958333511,0.888078120571391,-4.945805735,-0.030904556
ADORA2A,28.6174577217403,-0.579184166,0.571342329811007,0.888078120571391,-4.945910321,-0.102375083
CFI,30.8030894620084,-0.578879819,0.571542271369999,0.888078120571391,-4.946019519,0.00779597842266433
CFB,32.9258857127889,-0.578687439,0.571668674773183,0.888078120571391,-4.946088516,-0.017949306
FGF8,27.0921512841444,-0.576757728,0.57293740521772,0.888078120571391,-4.946779417,-0.138348651
TMEM140,33.7683999282122,-0.576708653,0.572969689992063,0.888078120571391,-4.94679696,-0.120323528
IFNA2,26.5587673975651,-0.576103455,0.573402053709985,0.888078120571391,-4.946993227,-0.145647321
RRAS2,32.3656480026963,-0.574091798,0.574692607676131,0.888581150527923,-4.947730352,-0.184780567
MUC4,32.8715167023794,-0.574029734,0.574733503542343,0.888581150527923,-4.947752442,-0.032059046
ADGRE1,31.0286327807619,-0.570600595,0.57699540377951,0.890331360183745,-4.948969414,0.0434923967946569
CD79B,36.4008758556178,-0.569395676,0.577791283237741,0.890331360183745,-4.949395405,-0.411206827
IFNAR2,64.579936171145,0.568047591424613,0.578682403995297,0.890331360183745,-4.94987101,0.0499974216353979
EYA1,32.0633528336746,-0.568028549,0.578694996791146,0.890331360183745,-4.94987772,-0.094446782
C8B,27.1586348988508,-0.567844357,0.578816809229771,0.890331360183745,-4.949942619,-0.055937858
LRP6,30.8558768606051,-0.567624765,0.578962050651184,0.890331360183745,-4.950019965,-0.00529771
IL10RA,100.565111896641,0.567106359024974,0.579305007536775,0.890331360183745,-4.950202449,0.000691637665552676
NFKBIE,45.1122165828221,-0.565589924,0.580308825421397,0.890964602326262,-4.950735351,-0.044350433
LRP5,28.4608203888939,-0.564302512,0.581161746563138,0.890964602326262,-4.951186718,-0.069841427
MPL,28.1199358712562,-0.563327927,0.581807848400506,0.890964602326262,-4.951527766,-0.011112212
MLH1,38.1464139306544,-0.56296325,0.582049706322508,0.890964602326262,-4.951655238,-0.055870288
UBE2C,34.5755195617293,0.562773538966028,0.582175545890891,0.890964602326262,-4.951721521,0.205958449293394
ITGA2,29.3579938981989,-0.559563212,0.584307151068918,0.893214720526565,-4.952839988,-0.025619137
PARP12,56.6904987382355,-0.558506794,0.585009473151761,0.893214720526565,-4.953206724,-0.050397565
STING1,61.5134075250919,0.557712382162267,0.585537895732043,0.893214720526565,-4.953482075,0.0938546920502452
CCRL2,30.6127308814103,-0.557412556,0.585737396216257,0.893214720526565,-4.953585902,-0.035874866
DGLUCY,43.9256587752006,0.555783042628604,0.586822262735433,0.893214720526565,-4.954149268,0.0715066337834028
MLPH,28.4679942984052,-0.555715343,0.586867356942606,0.893214720526565,-4.95417264,-0.063912056
IRF8,260.120078612233,0.551590388028654,0.591179590898525,0.894171468036834,-4.954688098,0.357875403912156
ITGA6,34.2722025332825,0.55410347498139,0.587941530210734,0.893214720526565,-4.954728313,0.0308390882973064
SOCS1,41.8795573698655,0.553915991466611,0.588066537346023,0.893214720526565,-4.954792847,0.00965472093828634
MAP3K14,70.1910173469634,0.553892324231006,0.58808231875728,0.893214720526565,-4.954800992,0.0539069384906282
RANBP2,60.0414543143674,-0.551572543,0.58963020844098,0.89382244608345,-4.955597756,-0.116255859
BRD3,38.2727743722578,-0.55151093,0.589671348534387,0.89382244608345,-4.955618875,-0.123167616
CCNB1,33.0405471727109,0.551075286062294,0.589962276774727,0.89382244608345,-4.955768136,0.1843703092918
TCL1A,35.011269767724,-0.549349601,0.591115428229833,0.894171468036834,-4.956358302,-0.103125588
CCL1,25.8408441800732,-0.547283234,0.592497740205352,0.894192596968015,-4.957062682,-0.093605365
FBP1,33.9181772131839,-0.547206119,0.59254935817512,0.894192596968015,-4.95708892,0.00244447925579063
ITGA8,33.6023661277689,-0.547019908,0.592674011566549,0.894192596968015,-4.957152264,-0.06239203
WDR76,35.663552894881,-0.544198661,0.594564234539358,0.896298163881295,-4.958109486,0.0378327523904771
GDF15,21.5823539686723,-0.539248971,0.5978878494988,0.900480412077851,-4.959777578,-0.051977573
PPP3R1,59.4481591190501,0.538496515049811,0.59839392465849,0.900480412077851,-4.960029902,0.00367131827443693
FANCF,38.1093997266225,-0.536708517,0.599597330678674,0.900480412077851,-4.960628142,-0.052749973
FADD,40.4193661820331,-0.536702678,0.599601262235863,0.900480412077851,-4.960630093,-0.028937021
TDO2,31.1088632543539,-0.536372946,0.599823320848767,0.900480412077851,-4.960740211,0.00108107780315158
FGF3,27.2380077766076,-0.535598103,0.600345301006244,0.900517951509366,-4.960998726,-0.001308463
PTGER4,57.0984973369324,-0.53216882,0.602658192708934,0.902740293720017,-4.962138612,-0.033028843
ATR,37.955993647283,-0.530297564,0.603922136639844,0.902740293720017,-4.962757692,-0.081453909
PIN1,24.1130744970726,-0.528348828,0.605239813930521,0.902740293720017,-4.963400211,-0.160412819
HACD2,32.2558260599831,0.528333878399667,0.605249927866363,0.902740293720017,-4.963405132,0.0816699184248984
GZMK,38.4470458122477,0.528077685547668,0.605423265200813,0.902740293720017,-4.963489432,0.0996783458675785
CCNB3,27.1798989531081,-0.527998784,0.605476654179444,0.902740293720017,-4.963515387,-0.041525801
NTRK2,27.8431995039138,-0.527590605,0.605752886515666,0.902740293720017,-4.9636496,-0.026840047
MRM2,48.6110865760734,0.527502571381064,0.605812470840806,0.902740293720017,-4.963678533,0.0738981541243245
KEAP1,34.425869175284,0.526247600727223,0.606662195846638,0.903263680258101,-4.964090498,0.0551780358442703
POLR2D,38.4887925034723,-0.524462446,0.607871916355523,0.904321767189004,-4.964674902,-0.088435099
CD53,140.821028651354,0.521204712286467,0.611089058871953,0.906514520789549,-4.965163582,-0.049628732
APOC2,28.8172018936997,0.522890299927514,0.608938274379377,0.905165014910116,-4.965188016,0.0715558423132188
DAXX,44.4449233572322,0.521744189730189,0.609716240153763,0.905578546851326,-4.96556116,-0.032755898
IFNA1,25.1311654213067,0.518519875977029,0.61190748196626,0.906514520789549,-4.966606749,0.0160400558522595
SP1,58.9743267211946,0.517997386720924,0.612262928097321,0.906514520789549,-4.966775604,-0.065630288
RAB7A,109.004909480736,-0.517497969,0.612800075559021,0.906514520789549,-4.966824806,0.108350047174159
TNFRSF13B,32.2964255405802,-0.516451252,0.61331534482523,0.906514520789549,-4.967274328,-0.220133321
KLRB1,35.4481077444788,-0.516403115,0.61334812499337,0.906514520789549,-4.967289833,-0.181211083
ICAM4,28.7931728329591,0.514305486784815,0.614777377718607,0.907185961395844,-4.967964126,0.100707319147365
AKT3,34.703213339467,-0.514266832,0.614803731012195,0.907185961395844,-4.967976527,-0.055993111
MAP3K12,42.8147833959111,-0.51303566,0.615643381852261,0.907382199209079,-4.968371052,-0.075582692
TMPRSS2,32.129611749101,-0.512005237,0.616346551778101,0.907382199209079,-4.968700556,-0.021705816
TREM1,29.7149848667213,-0.51186979,0.616439010610583,0.907382199209079,-4.968743822,-0.02574542
CCL17,28.5263291288553,0.510892697231972,0.617106195915651,0.90762696996685,-4.969055613,0.128242509941902
AMH,32.7595854674286,-0.505728743,0.620638080533602,0.911912870047639,-4.970694027,-0.098189148
PRKX,35.9096558642895,0.50449529188163,0.6214831369565,0.911912870047639,-4.971083032,0.127626874572202
TNFRSF18,39.9683583745898,0.504426886029739,0.621530019044611,0.911912870047639,-4.97110458,0.0477974017640676
NDUFA4L2,34.3406884597603,-0.50291816,0.622564459386499,0.912691586090887,-4.971579111,-0.029835786
TAP1,107.135648718229,-0.497943412,0.627074233254825,0.915556408693645,-4.972522129,-0.085771182
TBX21,33.6466185207052,0.498641308012409,0.625501310219465,0.915156440132692,-4.972916928,0.109571008976061
CENPF,28.762369626969,0.498134640100946,0.625849668894665,0.915156440132692,-4.973074695,0.125612141938818
ACTR3B,37.6720689101841,0.497984732129971,0.625952755587943,0.915156440132692,-4.973121345,-0.006890297
COL3A1,55.6715169773237,0.497558282720757,0.626265996558796,0.915156440132692,-4.973242815,0.18604361716823
NCR1,31.7203925414934,0.495663161201281,0.627550253641008,0.915556408693645,-4.973842076,0.116347939083952
TP73,27.3272849713979,-0.493330635,0.629157237341102,0.916505269281084,-4.974562976,-0.050404046
TLR3,28.8283997964168,-0.492158919,0.629965220399378,0.916505269281084,-4.974923887,-0.029958234
ADH4,22.081770088591,-0.491796936,0.630214932807748,0.916505269281084,-4.97503522,-0.040423737
CXCL9,95.4797903243845,0.488326040793855,0.634008734278205,0.916505269281084,-4.975322534,1.12866854293527
BCL6B,29.5171280106646,-0.490360494,0.631206316873985,0.916505269281084,-4.975476244,-0.001985543
PRL,24.4405294824011,-0.489474647,0.631818065343921,0.916505269281084,-4.975747609,-0.030798266
NOS3,37.2530855928063,-0.488354403,0.632592083350032,0.916505269281084,-4.976090106,-0.01137396
POLB,35.0088554136603,-0.487887143,0.632915061889391,0.916505269281084,-4.976232742,-0.068652363
FGF21,29.4675394636484,-0.487348719,0.633287326932378,0.916505269281084,-4.97639694,-0.02782311
IL9,25.7597259316962,-0.486829369,0.633646500798943,0.916505269281084,-4.976555157,-0.047752185
TPM1,51.1213487301734,0.486357864412519,0.633972668891001,0.916505269281084,-4.976698659,0.00998437364727518
PRDX5,80.8980072918621,0.485384926070874,0.634645957128164,0.916505269281084,-4.976994352,0.0875214165480104
RIPK3,39.2800457277749,0.483700314084129,0.635812525189712,0.916505269281084,-4.977504998,0.0118942286857729
CREB3L1,24.1736001715285,-0.483465698,0.635975072748817,0.916505269281084,-4.977575981,-0.140841877
EOMES,31.8078731461898,-0.482754928,0.63646762901565,0.916505269281084,-4.977790824,-0.110645123
SMPD3,29.3764800658474,-0.481588693,0.637276203168016,0.916505269281084,-4.978142684,-0.067224504
APOA4,30.0065180120057,-0.480583461,0.637973533806177,0.916505269281084,-4.978445316,0.00555454762870089
JAM3,33.0630059112384,-0.480567511,0.637984601762666,0.916505269281084,-4.978450113,-0.055831167
HPGD,29.8836280261051,-0.480192293,0.638244983485292,0.916505269281084,-4.978562916,0.0166720368577325
FOLH1,29.2900986306904,-0.480089128,0.638316583792896,0.916505269281084,-4.978593917,0.0131470810741392
CXCL5,31.7095051627226,0.476262621783057,0.640996609675351,0.918692242077787,-4.979727339,0.164725085604263
JAG1,35.5641365547243,-0.475984667,0.641168237567583,0.918692242077787,-4.979822103,0.0263751284018899
SMAD5,38.3065068441961,-0.475707878,0.641360753989183,0.918692242077787,-4.979904564,-0.043512185
EDN1,25.7201987923973,-0.473016009,0.643234429949216,0.920588525984282,-4.980704131,-0.080174453
RORA,42.1749277396266,0.472346695398677,0.64370069670093,0.920588525984282,-4.980902264,-0.192770342
ZC3H12A,36.8246174595054,0.469890588401507,0.645413032454405,0.922309475400144,-4.981627027,-0.023958027
RPS6KA5,29.6900034652661,-0.469040626,0.646006090316605,0.922429500121109,-4.981876996,-0.044365043
PLA2G6,33.0096347916079,0.467194256341031,0.647295244096232,0.923058021766404,-4.982418509,0.0985025483293411
MCM2,39.8783843007907,0.465725656229405,0.648321472278559,0.923058021766404,-4.982847766,0.137822205251639
TTK,32.5301890911804,-0.464929272,0.648878279154342,0.923058021766404,-4.983079999,-0.027248979
CACNA2D2,27.1161246264972,-0.464728171,0.649018916471461,0.923058021766404,-4.983138581,-0.127996835
MAPT,31.9975038441477,-0.464201193,0.649387518368774,0.923058021766404,-4.98329198,0.00989361283445936
CD200,41.0457315779334,0.463913960135201,0.649588467622657,0.923058021766404,-4.983375521,0.00549922878063781
BATF3,51.490314349923,-0.463052324,0.650191440043232,0.923058021766404,-4.983625827,0.0681653311679991
TNFSF14,31.4878807489606,-0.462234392,0.65076406291474,0.923058021766404,-4.983863025,-0.032933216
CREBBP,49.426727126716,0.46144529282781,0.651316716170379,0.923058021766404,-4.984091479,-0.047522128
CCL28,26.6942528174465,-0.460030168,0.652308343486272,0.923058021766404,-4.984500238,-0.040175866
NRAS,47.3557369005011,-0.459688347,0.652547971589678,0.923058021766404,-4.984598793,-0.018971112
CDK1,27.9209515400781,0.459672288164328,0.652559230619626,0.923058021766404,-4.984603421,0.151574985465372
KRT1,31.8707070101519,-0.454798109,0.655980526857512,0.925063937785291,-4.986001054,-0.009300919
P4HA2,28.6194116683928,0.454751703559509,0.656013138143728,0.925063937785291,-4.986014292,0.111229208479639
SMO,32.0884781774855,-0.45403756,0.656515096580577,0.925063937785291,-4.986217845,0.0310917316097342
PLA2G4C,44.0129086253435,0.453901371448238,0.656610840250596,0.925063937785291,-4.986256628,0.119375606884944
CYP4A11/22,25.4577864206989,-0.453621372,0.656807706033258,0.925063937785291,-4.98633633,-0.023800118
HDAC4,39.9186282887993,-0.453290399,0.657040445877301,0.925063937785291,-4.986430481,-0.015445617
CCNA2,24.3792443487593,0.451475367420204,0.658317424378363,0.92614221504161,-4.986945621,0.165750042719386
ANGPTL4,32.9659120428785,-0.449497368,0.659710317088445,0.927381764596014,-4.987504752,0.00375233953547203
RPS6KA6,26.8885766648336,-0.44823862,0.660597398132827,0.927655645762049,-4.98785934,-0.023107822
ANGPT2,32.5816153133082,-0.447698683,0.660978071388443,0.927655645762049,-4.988011146,0.0355476567733558
PRKAR2B,37.5900094722831,-0.44647608,0.661840404863438,0.927655645762049,-4.988354238,0.0454072065486626
NUF2,37.6576335608201,-0.446316564,0.661952952522257,0.927655645762049,-4.988398936,0.024315912657586
ADAM12,36.4180672031157,0.444516897168923,0.663223302430146,0.928267722169125,-4.98890215,-0.004521424
SEMG1,29.4235828661609,-0.444246457,0.663414293713586,0.928267722169125,-4.9889776,-0.026522111
ZBTB16,32.1707454125285,-0.44176531,0.665167665995436,0.930002940419545,-4.989667752,0.0105967490893803
MSRB2,36.0391810070999,-0.439764477,0.666583088835331,0.931241355070298,-4.990221591,0.015090329093292
CIC,44.2403748675508,-0.439060679,0.667081279735788,0.931241355070298,-4.990415829,-0.097120472
ID1,72.7198466013998,-0.43787126,0.668285190559444,0.931868147310352,-4.990552674,-0.155144566
SLC7A5,37.0037857086612,-0.436974687,0.668558825333034,0.931868147310352,-4.990989773,0.00574639226412793
IL17RA,55.0250954261812,-0.435565304,0.669557922102222,0.932543393427537,-4.991376063,0.000932703549180946
MSH6,41.4150566794663,0.433966602436643,0.67069200764306,0.933405466858084,-4.991812786,0.118911033888913
TPO,29.2313491028497,-0.432923382,0.671432494351777,0.9337188639796,-4.992096931,0.0412291533459578
NTF3,28.411645961407,-0.429618453,0.673780689113671,0.936009198647443,-4.992992751,-0.004716116
LAG3,32.2678338304821,0.428483327086422,0.674588024309961,0.936009198647443,-4.993298905,0.0399819320215694
WNT10B,32.4947076846949,-0.428425524,0.674629146486512,0.936009198647443,-4.993314475,-0.029416912
MAF,83.9912765740491,0.42638016959545,0.676370468768359,0.937707183938995,-4.993715633,0.170638505964295
ALKBH2,30.0262472312076,-0.423573737,0.678084633548014,0.939120229813651,-4.994614066,-0.068523989
TACSTD2,30.8193930207805,-0.42309464,0.678426258734034,0.939120229813651,-4.99474162,0.00246122375929938
C9,26.6826299352074,-0.421988543,0.679215253083763,0.939494685944869,-4.995035575,0.0625677187720815
SHC4,29.7288294800045,0.418775059738557,0.681509678390842,0.941376753067268,-4.995885368,0.0770851534449886
MAP3K8,41.9049029480061,-0.418627722,0.681614955863276,0.941376753067268,-4.995924181,0.00385730563614693
STAT2,69.0290163878825,-0.417752262,0.68254260734563,0.941824313597812,-4.99599932,0.0149796853584337
CCNE1,35.4451743554993,-0.4167202,0.682978558536161,0.941824313597812,-4.996425477,0.00164869570730913
XCR1,47.5902230643378,0.412220520414047,0.686873135276701,0.944457854271233,-4.997255654,0.331312273948213
TBC1D10B,46.2337247166948,0.413018544981144,0.685627972322232,0.944457854271233,-4.997391954,0.0391656588122655
AREG,32.2568141115381,-0.412155951,0.686245979671972,0.944457854271233,-4.997615973,-0.02071532
MAPK8IP2,32.5063385171705,-0.411141325,0.686973207466604,0.944457854271233,-4.997878895,-0.001136523
PSMC4,39.004212816817,0.407588326393644,0.689522324521273,0.947243708895031,-4.998794648,0.0255934826739668
LEFTY2,25.5480714110651,-0.405295755,0.691169215444877,0.948095618915546,-4.999381452,-0.097481398
MKI67,33.8406454308602,0.404228505394355,0.691936437020944,0.948095618915546,-4.999653531,0.123695425448881
VEGFD,30.815688035255,-0.404009994,0.692093563142371,0.948095618915546,-4.999709151,0.0202836683970843
NEIL1,32.7953755824595,-0.401031814,0.694236556490382,0.948095618915546,-5.000464318,-0.085980235
RRAD,28.0030783542644,-0.40073351,0.69445135522521,0.948095618915546,-5.000539659,-0.015773413
PDGFRB,42.2176526674753,0.400490274824984,0.694626520786468,0.948095618915546,-5.000601052,0.0385944315906181
EZH2,40.150271631213,-0.399308627,0.695477738924451,0.948095618915546,-5.000898787,0.0371017885953038
KLRC1,26.1029101274236,-0.3988345,0.69581940372558,0.948095618915546,-5.001018011,-0.05843775
APOA2,28.0741631633884,-0.397950281,0.696456769694673,0.948095618915546,-5.00123999,-0.013099976
FOXM1,31.2297764793727,0.396946733673079,0.697180437805504,0.948095618915546,-5.001491347,0.154409269860178
SERINC2,31.0753123306387,0.395974136682089,0.697882078341976,0.948095618915546,-5.001734364,0.109246558068861
NGF,31.4574722892131,0.395351489212715,0.698331412117907,0.948095618915546,-5.001889638,0.0959661231575777
PTCD2,33.6938905839069,-0.395216444,0.698428882714662,0.948095618915546,-5.001923284,-0.004726307
MDM4,67.4363366874546,0.394952874636357,0.698619133902543,0.948095618915546,-5.001988919,-0.152959327
FANCE,31.3731533103229,-0.394851227,0.698692511507735,0.948095618915546,-5.00201422,-0.091914064
CPA3,26.34593894,0.394667765589489,0.698824956277002,0.948095618915546,-5.00205987,0.209393223880394
PKP3,26.2411249245695,-0.394092234,0.699240511761039,0.948095618915546,-5.002202943,-0.034356373
LRP2,26.5684524607865,-0.393648988,0.699560619475764,0.948095618915546,-5.002312992,0.0171437150710526
MCL1,121.39668476929,-0.389833632,0.702641092198827,0.951558788538322,-5.003096203,-0.123310308
LY6E,99.1479928460621,0.387418071863837,0.704922471405979,0.95163416463557,-5.003426742,0.306556911455829
EP300,42.1553425196503,-0.387296152,0.704155041958302,0.95163416463557,-5.00387707,-0.091151733
GRIN2A,26.7548232571381,-0.386058744,0.705051343681148,0.95163416463557,-5.004178846,0.0308320668112093
PLA2G4F,29.4207686934846,-0.385811667,0.705230365739188,0.95163416463557,-5.00423899,-0.007396121
TTR,29.3407145620297,-0.385366012,0.705553313895555,0.95163416463557,-5.004347378,-0.014615727
MELK,38.2298144218033,0.384959625766838,0.705847857213138,0.95163416463557,-5.004446109,0.105029519960997
C1QA,390.835198998986,0.382729201024074,0.708528464019355,0.951849525247255,-5.004467603,0.497356771361559
TFDP1,52.1666999509424,0.384231517192705,0.706375702280775,0.951637749094992,-5.00462275,0.0793504350986708
MAPK11,42.0624396689958,-0.38241185,0.707695559369781,0.951849525247255,-5.005062783,0.0173436654571112
GAGE1,29.6965129877341,-0.381018727,0.708706689493533,0.951849525247255,-5.005398297,0.036598116445211
AIRE,33.4536269623414,-0.380632605,0.708987038191929,0.951849525247255,-5.005491078,-0.149796791
BMP5,26.7045540828308,-0.38022656,0.709281898759892,0.951849525247255,-5.005588548,-0.03153769
BBS1,32.8820709822309,0.37935829477548,0.709912574646445,0.951849525247255,-5.005796633,0.0542217349812767
APOA1,33.3791875969528,-0.378092927,0.710832085098589,0.951849525247255,-5.006099058,-0.015616705
SMAD2,48.4905531599735,0.377875856488161,0.710989871663792,0.951849525247255,-5.00615084,0.0168298958622068
NKD1,37.1174074066021,-0.376977849,0.711642770235073,0.951849525247255,-5.006364749,-0.008160784
DUSP2,37.7514663834995,0.376370953164966,0.712084147697108,0.951849525247255,-5.006509034,-0.013544781
CHEK2,28.2957313094776,-0.375519964,0.712703227026465,0.951849525247255,-5.006710969,-0.007639633
STK11IP,35.2667455774965,-0.375336753,0.712836537395433,0.951849525247255,-5.006754386,-0.040230926
GPR160,32.91635065,-0.374135871,0.713710576687081,0.952314849011039,-5.007038457,-0.067512129
UQCRQ,51.1053168427384,-0.370989949,0.716002246538391,0.954041468272594,-5.00777843,0.00994597326250125
PSMB9,81.3668678966253,0.368988243675432,0.718051149117511,0.954041468272594,-5.00796554,0.126365959188419
FUT4,28.113136702354,-0.369149152,0.71734450423829,0.954041468272594,-5.008208595,-0.061864538
NAT8L,26.9447350007316,-0.369034112,0.717428420086758,0.954041468272594,-5.008235409,-0.024667043
RYBP,37.3632617953771,-0.367126145,0.71882073798178,0.954041468272594,-5.008678936,-0.09062032
DUSP10,31.417349305312,0.366666026687438,0.719156659455312,0.954041468272594,-5.00878556,0.0562515658635683
PSAT1,29.5340706875705,-0.365656096,0.719894195845544,0.954041468272594,-5.009019137,0.021525851910822
TOX,35.4746313731752,0.364938535331442,0.720418393840004,0.954041468272594,-5.009184712,0.0141564058246533
PAK3,36.3786867947049,-0.364644163,0.720633482928856,0.954041468272594,-5.009252546,0.0629663582437664
FGF1,29.2461058425102,-0.363928711,0.72115634515553,0.954041468272594,-5.00941719,-0.010020166
ITGAX,143.56870686099,-0.361609988,0.723599194530167,0.954041468272594,-5.009597534,0.0672718503568757
CALML6,27.8884821855419,-0.362121487,0.722477730816444,0.954041468272594,-5.009831676,-0.028922076
HSPA1A,333.105906584777,-0.359686045,0.725264575853428,0.954041468272594,-5.00991662,-0.093024224
PPP2R3A,24.0350103166302,0.361152209586988,0.723186813978544,0.954041468272594,-5.01005315,0.120670802699707
BRAF,28.3414614209877,-0.360801245,0.723443630048119,0.954041468272594,-5.0101332,-0.142200926
RASA4,78.5980888960229,-0.35974276,0.724528062638259,0.954041468272594,-5.010229255,-0.025241235
IFNG,26.5794051901652,-0.360054199,0.723990390536695,0.954041468272594,-5.010303339,-0.041970338
TLR9,29.9994587097327,-0.357861755,0.725595932264141,0.954041468272594,-5.010800681,-0.072328029
COL4A3,31.3172136745559,0.357219866757012,0.726066244274108,0.954041468272594,-5.010945728,0.0907364889097205
PBX3,30.2602525682368,-0.35577264,0.727127047584193,0.954041468272594,-5.011271826,-0.057607051
NOTCH2,69.7845700207215,0.3557508176413,0.727143047673265,0.954041468272594,-5.011276733,0.0652018430387214
DEPTOR,39.8273500583416,-0.355199294,0.727547464999606,0.954041468272594,-5.011400658,0.0652367943388638
L1CAM,27.2757327550141,-0.354742961,0.72788214528153,0.954041468272594,-5.011503053,-0.058817025
PDCD1LG2,38.3056625369668,-0.354568273,0.728010278792057,0.954041468272594,-5.011542216,-0.010344954
DST,34.2978724432155,0.354010815159021,0.728419229602907,0.954041468272594,-5.011667067,0.0287964910826219
NAALAD2,31.266205040484,-0.353636432,0.728693924994078,0.954041468272594,-5.011750808,0.0326648616681495
PRKACA,44.3826663158013,-0.350361398,0.731098548902074,0.954640536817496,-5.01247967,0.0551626415343839
UTY,30.3064124272002,-0.349621754,0.731642023077624,0.954640536817496,-5.012643362,-0.009824026
CBLC,20.7648723415638,-0.349318031,0.731865235314587,0.954640536817496,-5.012710482,-0.0270891
TNFRSF9,35.6988332504378,-0.348745947,0.732285739078472,0.954640536817496,-5.012836752,-0.090546141
IL1RAPL2,28.8677963937804,0.348484185568923,0.73247817344917,0.954640536817496,-5.01289446,0.113259678872182
MAP3K5,56.9732880734893,0.347644784,0.733095387002795,0.954640536817496,-5.013079231,0.0577905481266589
TPTE,32.1496648995416,0.34754987181442,0.733165187857901,0.954640536817496,-5.013100096,0.118198451901982
MDM2,48.9736868336901,0.347078424515451,0.73351193969144,0.954640536817496,-5.013203653,0.011133491507141
FCER2,32.5868250530461,-0.343460281,0.736175099237661,0.954640536817496,-5.013993836,-0.325089962
ERBB2,29.4090053392815,-0.342810821,0.73665351118329,0.954640536817496,-5.014134818,-0.063449388
CTSS,166.770243879751,-0.340301491,0.739202368712252,0.954640536817496,-5.014362085,0.156286759254569
CDH3,34.2302315624213,-0.341628196,0.737524959241365,0.954640536817496,-5.014390867,0.0159037437860382
KRT18,40.2676917175119,-0.340519601,0.738682524375382,0.954640536817496,-5.014476814,-0.160351434
ERCC3,38.4235956030948,0.340933658918136,0.73803692105934,0.954640536817496,-5.014540837,-0.007308335
ANKRD28,32.5159876621656,0.340677184431026,0.738226007731782,0.954640536817496,-5.014596142,0.0586043202559016
PSMB8,69.7273841319987,0.340057742774209,0.738908760627665,0.954640536817496,-5.014627869,0.114008926719498
AXIN2,31.1016920292222,0.340180644865153,0.738592132969359,0.954640536817496,-5.014703097,0.0684718090134884
HERC6,35.5657280187119,0.338900591210481,0.739536287417765,0.954640536817496,-5.014978119,0.108500121422366
PRKCA,49.5164933395052,-0.338070115,0.74014907043119,0.954640536817496,-5.015156006,0.0109909950998475
HSD17B8,36.8038480304173,-0.337638186,0.740467850057455,0.954640536817496,-5.015248356,-0.051730018
NCF4,51.4405832292787,0.33739582340933,0.740646744167485,0.954640536817496,-5.015300124,0.0982772781851562
IL19,30.3472217342642,-0.33690007,0.741012720818354,0.954640536817496,-5.015405903,0.00836304217326315
WNT2,30.1415756248316,-0.33639261,0.741387407007074,0.954640536817496,-5.015514023,-0.005354266
MRPL19,43.2129815048411,0.334052889946651,0.74311582843068,0.954640536817496,-5.016010462,0.0498649338081021
NOS1,36.9894202106521,-0.333433996,0.743573264262972,0.954640536817496,-5.016141211,0.0419179577040853
SNAI2,28.5681335895191,-0.333131971,0.743796532412544,0.954640536817496,-5.016204932,0.0460949793374833
CEBPA,50.3029594174055,0.333075226478787,0.743838483006174,0.954640536817496,-5.016216897,0.010555345811404
GPX1,241.835095256976,0.330701401647937,0.746320889391416,0.955712686627029,-5.016394995,0.177838828625142
FANCL,40.6320270890719,0.332150204390624,0.744522456791956,0.954640536817496,-5.016411672,0.0705994693172941
OLFML2B,35.27761634,-0.331823164,0.744764328115072,0.954640536817496,-5.016480407,0.0414285867724884
MECOM,27.4397567552669,0.33156294694135,0.7449567985982,0.954640536817496,-5.016535051,0.139288008990565
ITGAE,28.3298782365599,-0.327324304,0.748094395874605,0.957026517782477,-5.017419222,-0.042033997
MAPK10,35.0284746871921,-0.32690749,0.748403187471176,0.957026517782477,-5.017505567,-0.001784778
TAP2,79.8786920796219,-0.322826432,0.75184171560991,0.958833712724448,-5.018166408,-0.007201048
PTPRR,30.8982148349176,-0.322900349,0.751374097194893,0.958833712724448,-5.018330164,0.0250335391006646
DAB2,90.8082365109093,0.321317706775701,0.753177998154754,0.958833712724448,-5.018381212,0.29157409578311
PPL,25.3653167984872,-0.318924623,0.754325750697742,0.958833712724448,-5.019138445,-0.022211089
PRKCD,61.4886282629864,0.318314713465081,0.754778911654095,0.958833712724448,-5.019261574,0.0918760990606194
ZIC2,24.4088190065757,-0.318116759,0.754926011577969,0.958833712724448,-5.019301487,-0.042371187
HLA-E,345.159198696966,0.315970845929204,0.757302631384304,0.958833712724448,-5.019399188,-0.02573874
IHH,29.6719834937628,-0.316842877,0.755872866376428,0.958833712724448,-5.019557756,-0.043824517
VEGFC,34.941340264052,0.316837013901425,0.755877225084406,0.958833712724448,-5.019558934,0.18676432918272
APC,39.5858970715838,0.316585286120477,0.756064378500985,0.958833712724448,-5.019609454,0.0475082744841743
FASLG,32.6975069483239,-0.314508871,0.757608744811412,0.958833712724448,-5.020024676,-0.032151569
TPM4,146.016278706845,-0.313039775,0.759261181629007,0.958833712724448,-5.020079998,0.119120207950521
SERPINB5,30.4465307989738,-0.310977951,0.760237378298514,0.958833712724448,-5.020724601,0.0179622535122584
IRF5,33.9564052513236,-0.310870179,0.760349648129911,0.958833712724448,-5.020732375,0.0429291018985702
G6PD,43.3766743910277,-0.310867023,0.760320009594457,0.958833712724448,-5.020746464,0.0167907223810966
FZD3,28.7418889548547,-0.309563909,0.761290939901152,0.958833712724448,-5.021002728,-0.038136026
COL17A1,33.0251014357778,0.308440503827823,0.762128305308546,0.958833712724448,-5.021222803,0.0905056924529558
EBI3,36.0107283028832,-0.305872468,0.764043628106929,0.958833712724448,-5.02172293,-0.115830124
IL17B,29.3896986085389,-0.304010759,0.765433149446455,0.958833712724448,-5.022082932,-0.012486859
BNIP3,23.5754369441306,-0.302709437,0.766404912045697,0.958833712724448,-5.022333289,0.0159870530046699
E2F1,28.4802512163807,-0.301740253,0.767128914649556,0.958833712724448,-5.022519062,-0.042104678
ACOT12,29.8125072364433,0.301441406483067,0.767352205525675,0.958833712724448,-5.022576226,0.0447030266198283
IL5,24.1622090206641,-0.30128667,0.767467829380436,0.958833712724448,-5.022605803,0.00921856381845643
ACVR2A,35.3863918909055,-0.300217451,0.768266936956158,0.958833712724448,-5.022809769,-0.029827378
PIK3CG,38.125999383189,-0.29994361,0.768471643229494,0.958833712724448,-5.022861893,-0.024789253
GOT1,33.96054992,0.299292586621032,0.768958378043149,0.958833712724448,-5.022985623,0.0854779675749465
LILRA4,37.7219025811632,0.298872684527222,0.769441763212109,0.958833712724448,-5.022996079,0.208332885626657
NR4A1,38.2910913232225,-0.298875448,0.769270303111538,0.958833712724448,-5.023064763,-0.120428792
SMC3,45.0686241274098,0.298824668221717,0.769308277518622,0.958833712724448,-5.02307439,0.031903292733958
SLC16A1,41.7350769853167,0.298628807531547,0.76945475343367,0.958833712724448,-5.023111505,0.0686659661710192
ISG15,43.7611934099285,-0.296925909,0.771289373204816,0.958833712724448,-5.023205115,0.0720976734643178
RFC3,37.3901104962327,-0.29680345,0.770820298362573,0.958833712724448,-5.023456258,0.000107564168585119
DTX1,35.5600201589453,-0.296724972,0.770879025000122,0.958833712724448,-5.023471034,-0.149416397
RIPK1,40.4237025539303,-0.295763931,0.771598310489319,0.958833712724448,-5.023651662,-0.016044729
GLUD1,41.3154601279513,-0.295333525,0.771920516101147,0.958833712724448,-5.023732371,-0.022044237
MAGEA12,48.1881186652952,-0.293559489,0.77324903301975,0.958833712724448,-5.024063813,-0.018290362
TMEM163,37.8199936444575,0.293448454240085,0.773332207802184,0.958833712724448,-5.024084492,-0.004097003
PTTG2,29.8639629584934,-0.293218607,0.773504392951813,0.958833712724448,-5.024127275,-0.074072574
JADE1,35.3838690238288,-0.29229208,0.77419860414546,0.958833712724448,-5.024299399,-0.031147748
ISG20,36.1172320712919,-0.291634715,0.774691264451071,0.958833712724448,-5.024421196,0.00803046381083829
PTCH1,32.2114876622484,-0.290965152,0.775193168710154,0.958833712724448,-5.024544975,-0.060834208
UQCR11,47.5656470562969,-0.29070587,0.775387555053369,0.958833712724448,-5.024592832,-0.018344457
TWF1,48.4622934681729,-0.28996625,0.775942139607802,0.958833712724448,-5.024729117,0.00227166324512348
CD40LG,43.9479754290976,0.287971840357423,0.777438225084021,0.958833712724448,-5.025094912,0.000275307399282802
ERCC6,31.6953494805552,-0.285954905,0.778952137220352,0.958833712724448,-5.025462312,-0.009019197
CDC6,29.3352799838524,0.283836350272251,0.780543323769562,0.958833712724448,-5.025845485,0.0830869180428042
CCNA1,26.3422129982079,-0.283620744,0.780705316565937,0.958833712724448,-5.025884324,-0.024676555
NOD1,32.4419100182642,-0.283429515,0.78084900327073,0.958833712724448,-5.025918747,-0.00861319
FAM30A,35.3430059595865,-0.281504618,0.782295798096391,0.958833712724448,-5.026263972,-0.094615622
NF1,44.0739037623893,-0.281346344,0.782414797383933,0.958833712724448,-5.026292255,-0.024956383
CD244,39.0592104809687,0.28054015260495,0.783021025520621,0.958833712724448,-5.026436075,0.0998954227210903
WNT10A,32.7462117816382,-0.279969325,0.783450356086196,0.958833712724448,-5.026537661,-0.091418808
PVR,31.4248242364135,-0.279736319,0.783625625278057,0.958833712724448,-5.026579069,0.0429924819146216
PTCRA,36.8527651581217,-0.27867355,0.784425205056444,0.958833712724448,-5.026767506,-0.051056265
TFRC,45.6327267463038,-0.278582734,0.784493542161552,0.958833712724448,-5.026783576,0.00265236294482824
BNIP3L,48.6550687613797,0.278122319517991,0.784840024809108,0.958833712724448,-5.026864965,0.00272765825550285
IL4,24.775457630659,-0.277852838,0.785042843505171,0.958833712724448,-5.026912541,-0.042692518
IGFBP3,48.0726040052553,-0.27542052,0.787091249094342,0.958833712724448,-5.027256782,-0.011478403
COL11A2,29.9691401705527,0.275852639168126,0.786548748937648,0.958833712724448,-5.027264247,0.117487954925371
MAP3K1,59.8324677829669,-0.273513347,0.788311070634315,0.958833712724448,-5.027672402,-0.115659486
IRS1,26.4933971129169,-0.271726662,0.789657890768174,0.958833712724448,-5.027981831,-0.024822347
CTLA4,34.6861160184933,0.271582446283039,0.789766632394469,0.958833712724448,-5.028006719,-0.102070804
PIK3R1,43.0886828097146,-0.271564025,0.789780522393399,0.958833712724448,-5.028009898,-0.171457717
CCND1,62.079334945391,0.270030800957472,0.79133292687136,0.958833712724448,-5.028124381,0.298003447930293
MICB,43.9302592566262,-0.270817474,0.790343512431033,0.958833712724448,-5.028138522,0.030152671969172
ABL1,47.9651459085159,0.27034486043857,0.790699983030339,0.958833712724448,-5.028219768,0.0826078717406043
TIAM1,40.518261436433,-0.270021499,0.790943907126503,0.958833712724448,-5.028275276,-0.112465862
CD22,45.6534989613737,-0.267920558,0.792529281755473,0.958833712724448,-5.028634328,-0.483051858
PGPEP1,38.3438690956149,-0.266804201,0.793372073372163,0.958833712724448,-5.028823989,-0.086785513
CCL11,20.6471272942604,-0.266034121,0.793953599647178,0.958833712724448,-5.028954364,-0.064350569
TNFRSF10A,38.143270113618,-0.265613264,0.794271463537298,0.958833712724448,-5.029025459,-0.081146953
RFC4,35.9066218183113,-0.265399182,0.79443316973045,0.958833712724448,-5.029061581,0.0251201559138139
APH1B,38.1259802903452,-0.264761309,0.794915042117331,0.958833712724448,-5.029169038,-0.036244618
RAC1,77.0555778494356,-0.26360313,0.795790193579766,0.958833712724448,-5.029363495,-0.082877316
ALDOC,34.5736194398039,0.263560746331968,0.795822225538749,0.958833712724448,-5.029370595,0.0091182836772374
COL4A5,30.3715610205462,0.263227917779623,0.796073775523847,0.958833712724448,-5.029426313,0.091874939193737
IFIH1,51.0421137985003,-0.261805104,0.797149394619942,0.958833712724448,-5.029663715,0.0438988756729192
CACNB4,24.3077525329592,-0.261797063,0.797155474353576,0.958833712724448,-5.029665053,-0.016331786
ITGB6,30.6203908145063,-0.26098373,0.797770531083447,0.958833712724448,-5.029800187,0.00378013177114979
MASP1,30.6156665915142,-0.260943489,0.797800965625013,0.958833712724448,-5.029806862,0.000775986894734265
ATF1,41.3910620724811,0.25966272171835,0.798769796192871,0.958833712724448,-5.030018786,0.00872039867490273
PRKCE,35.4760055012864,-0.258415304,0.799713729332542,0.958833712724448,-5.030224201,0.00393454160211962
PTTG1,30.2873970560793,-0.25602753,0.801521483070127,0.958833712724448,-5.030614679,-0.027103956
SPRY2,44.4222146385225,-0.255332166,0.802048156162078,0.958833712724448,-5.03072772,0.0447554855777847
IRGM,29.14490325,0.255211842483263,0.802139300078774,0.958833712724448,-5.03074725,0.0739640486165621
CD19,36.2333674721884,-0.25519191,0.802154398795672,0.958833712724448,-5.030750484,-0.273798497
HEY1,30.4920789258812,0.254296727119651,0.802832588357312,0.958833712724448,-5.030895483,0.0224379539910343
TSLP,32.7196899145431,-0.2525329,0.804169341974731,0.958833712724448,-5.03117971,0.00188133367059941
AURKB,29.8861375852719,0.252344999656058,0.804311783326015,0.958833712724448,-5.031209874,0.00786440407710659
CDH11,31.8382152940121,-0.251586416,0.804886916353214,0.958833712724448,-5.031331423,-0.019477503
NT5E,30.5218470054678,0.250883617280538,0.805419858620119,0.958833712724448,-5.031443711,0.0638027614129075
IL23R,28.5078501208876,-0.248894174,0.80692902455877,0.958833712724448,-5.031759888,-0.02559615
TWIST2,29.0548877887029,-0.248409412,0.807296879313308,0.958833712724448,-5.031836553,0.0252496841008828
OAZ1,307.183978577152,0.246463904927696,0.809292395988551,0.958833712724448,-5.031961437,-0.006560246
WT1,23.8419876040793,-0.246815937,0.808506397041988,0.958833712724448,-5.03208752,0.00161447850671503
CLEC4C,35.1971867299935,0.246096549924694,0.80905260991401,0.958833712724448,-5.032200298,0.163932224292519
GAS1,34.0774631190839,0.245887634848111,0.809211253242423,0.958833712724448,-5.032232988,0.0206015732869431
NFKBIA,115.479100579408,0.244345758665232,0.810760937216251,0.958833712724448,-5.032342097,-0.017396719
EXO1,31.1818769932764,-0.245043234,0.80985255200088,0.958833712724448,-5.032364839,0.0188379294700054
NRP1,52.8483839971276,0.243913388347527,0.810710859337553,0.958833712724448,-5.032540559,0.142201132642527
CNTFR,29.8462885773682,-0.243575834,0.810967337375056,0.958833712724448,-5.032592902,0.0687519346362147
AXIN1,38.4356851359769,-0.243308546,0.811170441821572,0.958833712724448,-5.032634298,-0.107172102
CLECL1,35.6209698127205,-0.243286252,0.811187383614929,0.958833712724448,-5.032637749,-0.009214177
MAGEB2,30.6406796963972,-0.241972517,0.812185863790699,0.958833712724448,-5.032840541,0.0488245998200201
CTSG,31.5223335688089,0.241394851224187,0.812625015232459,0.958833712724448,-5.032929368,0.0833910653892836
FANCA,34.3225300063387,-0.241045349,0.812890744411955,0.958833712724448,-5.032983009,-0.001136404
SFRP2,32.4480365226675,0.24049808104757,0.813306884491792,0.958833712724448,-5.033066847,0.0810405856571652
KRT17,26.6117021769579,-0.240068281,0.813633743579466,0.958833712724448,-5.033132558,-0.057870536
ZEB1,38.956919851704,-0.239973244,0.813706022914808,0.958833712724448,-5.033147072,-0.062240899
KYAT1,30.7695207865194,-0.239785999,0.813848435472172,0.958833712724448,-5.033175652,-0.055740858
PROM1,30.0876285452725,0.238542372929568,0.814794471444695,0.958833712724448,-5.033364911,0.214245549544276
ARNT2,43.0876978187771,-0.238481511,0.814840777619685,0.958833712724448,-5.033374148,0.0146959575182611
HMGA2,32.6036101764633,-0.237759049,0.815390505441201,0.958833712724448,-5.03348362,0.0164762954956643
CLEC4A,43.2874196936671,-0.237279907,0.815755144197562,0.958833712724448,-5.033556041,0.0420873545273999
RELA,67.1876748304361,-0.237251932,0.815776435956313,0.958833712724448,-5.033560265,-0.070976978
NFIL3,35.7296281948234,-0.236790127,0.816127925445699,0.958833712724448,-5.033629921,0.0597096088909375
POLR2J,29.2821511998513,-0.236573261,0.816293000860563,0.958833712724448,-5.033662586,-0.071280902
PCK2,38.0191188071315,-0.236217054,0.816564159729905,0.958833712724448,-5.033716174,-0.040461869
CDC25A,31.1837843776744,0.235879983008334,0.816820774626789,0.958833712724448,-5.033766809,0.126311654532754
GSK3B,43.4957271167802,-0.235727975,0.816936506596162,0.958833712724448,-5.033789621,-0.050185563
KRT10,38.8574067576429,0.232770614651376,0.819188980940933,0.958833712724448,-5.034230531,-0.005410449
POLD1,32.9619927598662,0.23262906691828,0.819296832391232,0.958833712724448,-5.034251496,0.0689738612786726
PLA2G4E,27.2257323811787,-0.232591531,0.819325433316673,0.958833712724448,-5.034257053,-0.025915288
COL4A4,31.2044392956678,0.232196294434954,0.819626604250354,0.958833712724448,-5.034315517,0.015296569619433
COMP,24.2634919329711,-0.23097967,0.82055385905186,0.958833712724448,-5.034494863,-0.06132243
CDH2,31.4686739076278,0.22936111898102,0.821787872984679,0.958833712724448,-5.034732013,0.122431932331296
TAF3,37.7639901427809,-0.228862996,0.822167750051882,0.958833712724448,-5.034804665,-0.054565547
NTRK1,28.941452126737,-0.228040595,0.822795027015434,0.958833712724448,-5.034924273,-0.027392965
CD1D,32.3554158332407,0.227974769498711,0.822845240442248,0.958833712724448,-5.034933828,0.0873997029478585
SOS2,37.5705667097335,0.227853875481133,0.822937463101114,0.958833712724448,-5.034951369,-0.002642173
NOG,35.7722048430127,-0.226980534,0.823603762036765,0.958833712724448,-5.035077816,-0.032184695
SIGLEC5,30.753964871374,-0.226979081,0.823604870561871,0.958833712724448,-5.035078026,0.00665877332827271
CDKN1A,49.4695603248452,-0.226237925,0.82417043244156,0.958833712724448,-5.035184956,-0.130487517
SOX17,28.8673926817637,-0.22542933,0.824787570086828,0.958833712724448,-5.035301221,-0.015610769
UBE2T,31.0620994002922,-0.224456976,0.825529851182389,0.958833712724448,-5.035440486,0.0408521540179462
ERO1A,46.4808242872468,0.223815527145811,0.826019618674074,0.958833712724448,-5.035532031,0.0393508846822248
TNFSF13,37.6904538884744,0.22000488779216,0.828930705114092,0.958833712724448,-5.036070522,-0.040412651
NECTIN1,43.7135098019768,0.219244652705499,0.829511789020286,0.958833712724448,-5.036176856,0.00480853089641137
NR4A3,35.014461381807,-0.218593565,0.830009528505968,0.958833712724448,-5.036267634,0.0150810869250312
DOCK9,36.210539592144,0.21827473495485,0.830253293143638,0.958833712724448,-5.03631199,-0.123406408
NFATC1,42.2546976765193,-0.217201832,0.831073724201873,0.958833712724448,-5.03646078,-0.055059229
CASP10,42.4991211503797,0.215432320534706,0.832427285587819,0.958833712724448,-5.036704589,0.0121554738686012
MAPK1,47.1578220367975,0.215031705422445,0.832733806565969,0.958833712724448,-5.036759512,0.0604449479687242
SPRY1,28.5949189507317,-0.213699183,0.83375355591785,0.958833712724448,-5.03694147,0.0352225010710749
SOX11,26.7714805461809,-0.213199891,0.834135732744267,0.958833712724448,-5.03700936,0.018839900185963
FGF20,28.8751978625552,0.212829361380922,0.834419378081962,0.958833712724448,-5.03705964,0.054817345682738
FGF23,30.5724842749647,-0.21260896,0.834588109487863,0.958833712724448,-5.037089507,-0.018702401
OAS1,38.7718039490642,-0.21260055,0.834594548099239,0.958833712724448,-5.037090646,0.0508732682911648
FOXA2,30.1586640116507,-0.21157906,0.835376676040427,0.958833712724448,-5.037228664,0.0360898462711086
CASP3,32.0641681130165,-0.211181944,0.835680785856921,0.958833712724448,-5.037282142,-0.008469352
PRKACG,36.4987444435303,-0.211169405,0.835690388591082,0.958833712724448,-5.037283829,-0.048929938
GTF3C1,37.798641278301,0.210871985545976,0.835918169382962,0.958833712724448,-5.037323814,0.0419302370243215
TNKS,36.0707846445136,-0.210159536,0.83646386610908,0.958833712724448,-5.037419367,-0.073606473
HDAC2,52.7287045930089,0.210133759779371,0.836483611196447,0.958833712724448,-5.037422818,0.0542510385371241
KAT2B,31.8827503872728,-0.209489878,0.836976866730918,0.958833712724448,-5.037508889,-0.062102738
IFITM2,128.646589722319,-0.20835182,0.83823979604017,0.958833712724448,-5.037542317,0.11123984701594
SMC1B,31.3492770691258,0.208613104064012,0.837648647138092,0.958833712724448,-5.037625671,0.0960855142575449
ASPG,31.8875743793135,-0.208449587,0.837773947604106,0.958833712724448,-5.037647397,-0.006373184
CD59,40.3082451765969,0.207669020103917,0.838372146474896,0.958833712724448,-5.037750875,0.0912164642527763
PLAT,30.4465187610639,-0.207613997,0.838414318396221,0.958833712724448,-5.037758155,0.0147496401549452
ROCK1,52.6377712166088,0.206933548914834,0.838935880080973,0.958833712724448,-5.037848023,-0.022618318
BIRC5,29.8031309855431,0.206298410893065,0.839422782598354,0.958833712724448,-5.037931643,0.0724970483554035
ITGA5,34.6767183079314,0.205804606928196,0.839801384151537,0.958833712724448,-5.037996479,-0.008081473
SYK,59.3477548996062,0.205516172332321,0.840022547134057,0.958833712724448,-5.038034279,0.0767096223938247
VEGFB,57.2543946885161,0.205337389818571,0.840159639210143,0.958833712724448,-5.038057682,-0.022736279
PLA2G10,28.8663978424946,-0.204734669,0.84062185090741,0.958833712724448,-5.038136432,0.0667455790868656
MBL2,41.006323521153,0.204042622765933,0.841152638308404,0.958833712724448,-5.03822657,0.0932128911685314
TMUB2,42.7930028382504,-0.203257098,0.841755219422173,0.958833712724448,-5.038328517,-0.032389013
TNFRSF1B,80.2698346922151,0.202295115916499,0.842493301431605,0.958833712724448,-5.038452832,-0.06902888
MAPK8IP1,35.2635868814378,0.201263526940832,0.843284959680505,0.958833712724448,-5.038585493,0.0323371802631075
EPM2AIP1,40.5135112791175,0.2011061946358,0.843405714484705,0.958833712724448,-5.038605667,-0.130404464
SPANXB1,29.3988313850638,-0.200814273,0.843629779641139,0.958833712724448,-5.038643056,0.0298293563675496
NTHL1,32.0716200908932,-0.200310793,0.844016258605366,0.958833712724448,-5.038707416,0.0225323996732383
CXCR6,25.2218007351283,0.19995942129803,0.844286002329402,0.958833712724448,-5.038752236,0.0424626005382685
PGF,33.6970416950062,0.199442641728444,0.844682763834281,0.958833712724448,-5.038818014,-0.025095022
APOM,24.1870118493779,-0.199436186,0.844687720416128,0.958833712724448,-5.038818835,-0.051613467
IL7,27.7756690540881,-0.19897101,0.845044901062228,0.958833712724448,-5.038877898,0.0468706562121003
HOXA11,31.1476331043188,0.198497564250497,0.845408467046513,0.958833712724448,-5.038937871,0.0612006984896546
API5,70.3414703127221,0.19811773536522,0.845700169816644,0.958833712724448,-5.038985882,-0.009255211
ITCH,48.187621883668,-0.197793489,0.845949204823012,0.958833712724448,-5.039026796,-0.054223032
TNN,32.4270570547505,-0.196797419,0.846714333988375,0.958833712724448,-5.039152064,-0.005389073
REPS1,47.2325090711952,0.196051017898081,0.847287786153131,0.958833712724448,-5.039245522,-0.089441147
IRF9,52.6550071284728,-0.195766416,0.847559187476786,0.958833712724448,-5.039266023,-0.044170041
TLK2,33.6589000272772,-0.195864281,0.847431267803653,0.958833712724448,-5.039268848,-0.065324834
ITGA3,30.7337160630886,0.195342913487856,0.847831897730975,0.958833712724448,-5.039333859,0.0515938210638658
BMP4,29.2257027482155,-0.194812194,0.848239758000712,0.958833712724448,-5.039399858,-0.055944044
CEACAM6,25.9844938494104,-0.193273923,0.849422180522894,0.959413813458579,-5.039590149,0.00157928947699589
IGF1,32.4595311939614,0.19167354083019,0.850652744247126,0.959413813458579,-5.039786534,0.0833585115337714
JAK3,92.6836259677601,-0.190797026,0.851568464076506,0.959413813458579,-5.039826024,-0.18180122
IFNA8,26.7941849743797,-0.190619519,0.851463420908636,0.959413813458579,-5.039914989,0.042640551702212
ADM,29.6108510568555,0.189992429722353,0.851945815016087,0.959413813458579,-5.039991079,0.0142392346594551
VHL,37.8144954956016,-0.188780453,0.852878312520927,0.959413813458579,-5.040137434,-0.078294331
FZD9,23.8393252042552,-0.188242832,0.853292031458235,0.959413813458579,-5.040202057,-0.019934809
MCAT,32.8045555006108,0.187270499481015,0.854040391395953,0.959413813458579,-5.040318469,0.05022367904853
CACNA1H,26.7446274525542,-0.187123326,0.854153676476797,0.959413813458579,-5.040336037,-0.026381914
PAK5,31.6185334738924,-0.187084479,0.854183579388633,0.959413813458579,-5.040340672,0.0519496226196414
PMCH,25.2612081722408,0.185995683599447,0.855021778666705,0.959413813458579,-5.040470189,0.00645604502754492
IDH1,50.8534871313453,0.185885409201181,0.855106682525169,0.959413813458579,-5.040483265,0.201397477006641
PSMB10,88.8759659196963,0.184223498594192,0.856591549656744,0.959594423671659,-5.040623993,0.119912780268744
MUTYH,35.7013757098804,-0.183052638,0.85728835884387,0.959594423671659,-5.040816517,-0.0225361
FLG,25.9293777096194,0.18254180670077,0.857681907551508,0.959594423671659,-5.040876072,0.0942736886783103
ACSF3,45.3876028513649,-0.182157858,0.85797773049703,0.959594423671659,-5.040920724,-0.048664826
ALKBH3,32.823448842629,-0.181637291,0.858378850427121,0.959594423671659,-5.040981117,0.0294653909080636
FOXJ1,32.4773033460832,-0.181512052,0.85847535860176,0.959594423671659,-5.040995621,-0.029215326
SKP1,33.4491802156276,0.180864103452918,0.858974699335227,0.959594423671659,-5.041070499,0.0442627792015639
GZMH,31.2596776934741,-0.17871617,0.860630447825783,0.960851738422871,-5.041316818,0.010508573472865
ME2,49.0477403431177,-0.176901585,0.862029761206253,0.961821383808947,-5.04152263,0.0420388930605638
TNFRSF10D,32.6705169718353,0.173699776373447,0.864581405804953,0.964074773734508,-5.041859865,0.130898253871923
BMI1,32.2088643536883,0.168166746197619,0.868772233728021,0.964672800251217,-5.042484124,-0.122098035
MAPK3,50.7083763139451,0.167428495829545,0.869342585486616,0.964672800251217,-5.042563169,0.0216404172083018
FEN1,36.9231921225841,-0.167240993,0.869487457164589,0.964672800251217,-5.04258319,0.0274938474863729
CT45A1,33.0174810366908,-0.166122263,0.870536324865189,0.964672800251217,-5.0426569,-0.313870913
XPA,41.3473702994333,-0.166529697,0.870037073980737,0.964672800251217,-5.042658937,-0.069626633
IL2RA,40.6159159774163,-0.166329571,0.870191723414683,0.964672800251217,-5.042680191,-0.030067962
PDPN,29.1330272080476,-0.166242721,0.870258839303234,0.964672800251217,-5.042689407,0.0497071073916213
SOX2,24.7135542557775,-0.165921127,0.870507370428175,0.964672800251217,-5.04272349,0.0090361033582316
MICA,33.0092741118173,0.164463174961272,0.871634264686556,0.964672800251217,-5.042877183,0.0187536581508739
KBTBD8,26.247714315309,-0.16409006,0.871922702950156,0.964672800251217,-5.042916299,-0.086763119
FGF13,26.227159641769,-0.16392532,0.872050061583458,0.964672800251217,-5.042933541,0.0164378069972693
CD1B,39.9715079811181,-0.163772819,0.872167961820864,0.964672800251217,-5.042949487,-0.007488987
PRKAR2A,47.0286758612211,0.163701491211239,0.87222310759741,0.964672800251217,-5.04295694,0.0789688393326856
HNF1A,32.1794395146337,-0.163251483,0.872571037313325,0.964672800251217,-5.043003889,-0.016311973
OTC,36.5932547369231,-0.160624855,0.874602389174185,0.965883069230294,-5.043275354,0.052818263761271
OTOA,32.1577384769362,0.160457493251809,0.874731852432071,0.965883069230294,-5.043292502,0.0324449690394059
GZMA,37.7062777326139,0.156990700046289,0.877414435794569,0.968255150828111,-5.043643722,0.0927270777198757
PLD1,38.8975191447665,0.155618153895717,0.878476936086933,0.968373305377436,-5.043780665,0.0499445013230333
FGF9,30.2338400956612,-0.154764337,0.879138005722363,0.968373305377436,-5.043865249,0.0605180206684516
PTPRC,161.650370731729,0.153545247066136,0.880385575970005,0.968373305377436,-5.043915926,-0.082179283
SFN,33.7951554695734,-0.153337976,0.880242576283735,0.968373305377436,-5.044005519,-0.000373364
PRKDC,49.5236240702396,0.153314037311392,0.880261116913569,0.968373305377436,-5.044007862,0.036249256333177
IFI6,58.5851698846003,0.152560299510508,0.881165442803083,0.968373305377436,-5.044008715,0.300554480898281
IL23A,29.5941467986539,-0.152021268,0.881262461681783,0.968373305377436,-5.044133858,-0.05031372
MCAM,46.7330171593639,0.150801519673115,0.882207438421657,0.96882416873942,-5.044251763,0.0800727528992926
PRUNE1,33.9454257085587,-0.147826042,0.88451340895622,0.970343098756896,-5.044535415,-0.098957377
COL1A1,56.5744283906151,-0.147634888,0.884661588932887,0.970343098756896,-5.044553446,0.0700712510617161
CHEK1,29.4067132752873,0.145050423522553,0.886665466800352,0.971859843463645,-5.044794941,0.0595148843536295
OAS2,49.9704050723045,-0.143929863,0.887584735060594,0.971859843463645,-5.044887562,0.0183136115715169
LTK,32.1417013580422,-0.14377658,0.887653444223141,0.971859843463645,-5.044912407,0.0143442379391198
PPP2R2B,27.0827091121563,0.139334103226143,0.89110047365766,0.975044721176135,-5.045313991,0.000760489214965613
CCNE2,28.4429002436003,-0.137968553,0.892160499681223,0.975045847990002,-5.045434909,0.0564402874339645
BCOR,46.2637686770627,0.137794520693751,0.892295609799219,0.975045847990002,-5.045450234,0.012764378849462
PRC1,48.3813821786173,0.136359195869164,0.893410057379759,0.975045847990002,-5.045575892,0.0512234104453381
FLNC,31.371743789561,0.134823603515628,0.894602614734217,0.975045847990002,-5.045708877,0.0471540347412793
PTEN,69.1792670244888,0.134322275254605,0.894992008814445,0.975045847990002,-5.045751968,-0.036994779
MMP3,32.2899758275309,0.133900990419721,0.895319252833115,0.975045847990002,-5.045788055,0.0403201001560974
CD69,47.1598725736648,0.133705962437389,0.895470752598569,0.975045847990002,-5.045804723,-0.105607081
DUSP4,29.2701512871049,0.132090397117507,0.896725902156397,0.975045847990002,-5.045941864,-0.030915328
NFATC4,34.5122190111506,0.131085230168883,0.897506971387277,0.975045847990002,-5.046026351,0.0737039715841566
C2,38.8850405726093,0.130763012002348,0.897757375674287,0.975045847990002,-5.046053299,0.176712238376272
NAT1,33.6044776638146,-0.130087459,0.898282402248156,0.975045847990002,-5.046109581,0.0622104782999535
CDK6,38.953485484475,-0.128595147,0.899442372890482,0.975045847990002,-5.04623288,-0.025519871
MTOR,43.1351854471192,0.128557282323251,0.899471807789619,0.975045847990002,-5.04623599,-0.027867335
LIF,31.7929572411056,-0.128488601,0.899525199520263,0.975045847990002,-5.046241629,0.0128962016346425
MAP2K6,39.5334643256301,-0.127095166,0.900608543396705,0.975045847990002,-5.046355384,0.0431792328456675
ETV4,26.1820956630758,0.126786964941021,0.900848185965354,0.975045847990002,-5.046380377,0.0289613071113965
TNFSF11,38.0512598450553,-0.126710495,0.90090764654892,0.975045847990002,-5.046386569,0.0670466394069806
EFNA3,26.7205158828753,-0.126595338,0.900997190970029,0.975045847990002,-5.046395887,-0.093790206
ASPA,32.8077846190921,-0.126173144,0.901325494140868,0.975045847990002,-5.046429975,0.00913929161341717
KMT2C,56.8713191158526,0.124776291829483,0.902411834662014,0.97527093945923,-5.046541947,-0.058993579
HDAC11,36.0425813317771,0.124082356524334,0.902951587852609,0.97527093945923,-5.046597111,0.0179114679423074
SOCS2,31.5587064265508,0.123829527862418,0.903148254090833,0.97527093945923,-5.046617134,0.0578826428266552
SLC39A6,48.0727274744295,0.121219470540139,0.905178904802973,0.976622988311747,-5.046821452,0.0214211365727383
COL11A1,31.41511976,0.120807190544923,0.905499725888341,0.976622988311747,-5.046853329,0.0700689397712364
FOXO4,29.7017801587983,-0.119145598,0.906792888188647,0.976622988311747,-5.046980703,-5.86148E-05
ZNF205,25.9286230118197,-0.118873612,0.907004591965554,0.976622988311747,-5.047001386,0.0397474045737834
CTSH,151.608610149823,-0.118067413,0.907868952303064,0.976622988311747,-5.047020328,-0.035585857
PSEN1,45.3679440013823,0.11805451242758,0.90764219297146,0.976622988311747,-5.047063387,0.0567742418928604
ASNS,38.1728392412422,0.117372487204751,0.908173143104466,0.976622988311747,-5.047114686,-0.006970293
LAMP2,23.5964785170975,-0.11508354,0.909955396730048,0.977417997467672,-5.047284684,-0.008947172
RNLS,29.8878320717035,-0.114431605,0.910463108109659,0.977417997467672,-5.047332492,-0.033751901
HDC,28.7162307190703,-0.114344851,0.910530673137655,0.977417997467672,-5.047338833,0.0388239728136029
C7,105.811201674133,-0.112994138,0.911735844262453,0.97744876082765,-5.047410875,0.0322495131382727
RUNX1T1,31.7749995163431,0.113022993334858,0.911560239398634,0.97744876082765,-5.047434863,0.00154300947486825
C8A,23.4011291442737,-0.110394926,0.913607669292936,0.97744876082765,-5.047622477,0.0133602261620476
MST1R,30.9461302476126,0.110317793747381,0.91366777018779,0.97744876082765,-5.047627917,0.0295923937599113
DDB2,38.2647635102672,0.110211172902712,0.913750848799943,0.97744876082765,-5.047635431,-0.097710644
MEF2C,31.1310401605603,0.109699769193214,0.914149347367761,0.97744876082765,-5.047671367,0.104693627201548
CHUK,37.0624838694868,-0.109461081,0.914335347462951,0.97744876082765,-5.047688083,-0.067457739
WNT5A,28.9193642856033,0.107232582592857,0.916072174393514,0.978039690714448,-5.047842395,0.029266125711544
IL18R1,37.2348101447077,0.106618113766744,0.916551151937373,0.978039690714448,-5.047884387,0.0274758998992033
BAP1,47.3256246902126,-0.105902357,0.917109125840728,0.978039690714448,-5.047932997,-0.051968539
TAPBP,86.8700087019816,-0.105303374,0.917609003550719,0.978039690714448,-5.047968198,-0.154134352
KRT19,21.6359963419962,0.104844826946039,0.917933613653852,0.978039690714448,-5.048004221,-0.003735762
MUC1,34.2909697064986,-0.103978373,0.918609205138941,0.978039690714448,-5.048062044,0.0211619426791568
PRKCG,27.7148625306168,-0.103512711,0.918972317809656,0.978039690714448,-5.048092922,0.0392332029618346
CCL23,25.3193478726903,-0.103212818,0.919206177310543,0.978039690714448,-5.048112735,0.0456319769876644
CCL14,23.1380910809667,-0.101073995,0.920874276743432,0.979063503132984,-5.048252376,-0.010562414
ITGA1,33.3419506316394,0.0992104742042374,0.922327978232736,0.979063503132984,-5.048371664,0.106239818544281
CXCL11,31.774651454446,-0.098083655,0.923312661135377,0.979063503132984,-5.048427062,0.0155138658486579
KIF2C,27.6428516911734,0.0982947093153287,0.923042456706159,0.979063503132984,-5.048429472,0.0483397332360941
MAML2,41.6085949619109,-0.097756595,0.923462324927302,0.979063503132984,-5.048463191,-0.04810728
NFKB1,70.7940541665835,-0.096995802,0.924105928996417,0.979063503132984,-5.048503221,-0.009894383
MYCN,30.2236772906719,-0.095706291,0.925062306506337,0.979063503132984,-5.048589973,0.0285932004686902
MLANA,30.32814431,-0.095412285,0.925291765375488,0.979063503132984,-5.048607933,0.0691939092550965
TGFBR1,51.2916689551895,0.0945708888493426,0.925948477185999,0.979063503132984,-5.048659027,-0.006686517
CD63,192.272271989817,0.0940025825161057,0.926576606114797,0.979063503132984,-5.048666999,0.221706851139246
PDGFC,35.9731227013129,0.0932244706965606,0.926999475567534,0.979063503132984,-5.048739849,0.0758828111917578
CD160,27.9106595356225,0.092836193939562,0.927302586166673,0.979063503132984,-5.048762941,-0.003929787
COL6A3,62.264443019118,-0.092400476,0.927642746280611,0.979063503132984,-5.048788741,-0.01587643
ELMO1,56.1905162420555,-0.092109873,0.927869624591998,0.979063503132984,-5.04880588,-0.128498898
BRD7,36.6439271720462,-0.091592921,0.928273233102906,0.979063503132984,-5.048836236,-0.076877319
JUP,35.1897450502167,-0.089853558,0.929631384816536,0.979396305425308,-5.048937122,0.018481054289361
MAVS,51.7642507143302,0.0897491181013728,0.929712941919228,0.979396305425308,-5.048943118,-0.039489469
PSEN2,40.257465320632,0.089112254376038,0.930210287879114,0.979396305425308,-5.048979531,0.0289861453728482
LCP1,267.032060641749,0.0859218150224231,0.932911093250318,0.980411168213259,-5.049130801,0.106857874426947
BATF,46.8670505879873,-0.085903012,0.932716935973434,0.980411168213259,-5.049159084,-0.012682182
TNFSF9,31.4660901549813,-0.085657855,0.93290845207751,0.980411168213259,-5.04917253,-0.075453192
COL24A1,29.8735867975953,0.084483105550658,0.933826221612688,0.980411168213259,-5.049236427,0.0485068199983775
PRG2,33.6529849289178,0.0839907064671436,0.934210936122957,0.980411168213259,-5.049262948,0.0774401905342411
RICTOR,46.0737910288265,0.0836841423179766,0.934450465219061,0.980411168213259,-5.049279382,-0.0779468
IFIT1,30.2105520203387,0.0830299323437757,0.934961643859002,0.980411168213259,-5.04931425,0.0812261880856926
TLX1,28.5594845759032,-0.08194292,0.935811065787771,0.980528396287491,-5.049371582,0.00913287667969803
PNMA1,37.2906332804003,0.0815019203778017,0.936155698442251,0.980528396287491,-5.049394626,-0.035339741
WNT16,24.4607277030929,0.0771914474699663,0.93952493486341,0.981987957948726,-5.049613329,0.0936540337251775
LTBP1,36.6945291165611,-0.077054837,0.939631734886877,0.981987957948726,-5.049620066,0.0146534848428623
CST2,35.148043127874,-0.076578512,0.940030641415583,0.981987957948726,-5.04964038,-0.060393885
PECAM1,38.2685236899499,0.076616112555509,0.939974731501394,0.981987957948726,-5.049641622,0.0883273241303852
HMGN5,30.4206778674642,-0.076252661,0.940258889095497,0.981987957948726,-5.049659387,0.0912456374309536
WNT5B,33.1450416510025,0.0753803588132995,0.940940914764595,0.982134180618344,-5.049701678,-0.054492712
TNFSF8,34.7808092679853,0.0741875155818513,0.941873639359152,0.982541758502466,-5.049758724,0.00626789693138183
NID2,32.5153291228371,-0.072019689,0.943568961287496,0.983743934322752,-5.049860069,0.0977560589705822
TTPA,26.6923733204333,-0.071186821,0.944220371372497,0.98385699420757,-5.049898207,0.021302833840146
SETD2,48.5054003221594,-0.070364864,0.944863287244578,0.983961078440905,-5.049935411,-0.052881845
FAM124B,34.1626928822982,-0.067044186,0.947461047804708,0.984590954836537,-5.050081319,-0.008498166
SIRPB2,33.7776855637431,-0.065786134,0.948445382636061,0.984590954836537,-5.050134756,-0.016023034
PYCARD,55.5387200459404,-0.064530214,0.949428135917931,0.984590954836537,-5.050187094,0.0453932254371321
IL21,33.1917724978231,0.0639253481314155,0.949901471943573,0.984590954836537,-5.050211941,0.120912697441666
YTHDF2,50.065277668465,0.0638181130269567,0.949985390524022,0.984590954836537,-5.050216322,0.00541719636295544
C1QB,214.325420938427,-0.062619564,0.951083157530286,0.984590954836537,-5.050249519,0.346765945338907
TBL1XR1,57.674734243016,0.0628903281346595,0.950711469241735,0.984590954836537,-5.050253916,-0.057187202
PTPN5,34.2462621366985,-0.061995608,0.951411714212428,0.984590954836537,-5.050289649,0.0680638627089267
IDO1,68.9058280737475,-0.061572973,0.951869528938657,0.984590954836537,-5.050294421,0.184366431291778
ITGAM,40.847296798236,-0.060815109,0.952335685677182,0.984590954836537,-5.050336012,0.041606845394475
PIK3R5,41.0473250485128,0.0596984515682908,0.953209753764134,0.984590954836537,-5.050379049,0.0108913322577258
NKX2-1,28.6543589190378,0.059560157077441,0.953318008674908,0.984590954836537,-5.050384323,0.0416539479447393
SPA17,30.7456209269719,-0.059444499,0.953408544826795,0.984590954836537,-5.050388725,0.0263439341949199
TRAF6,41.7960000191541,0.0594024920335751,0.953441427734398,0.984590954836537,-5.050390322,0.00244422502536361
TBP,39.0287468510591,0.0578537298981363,0.954653852718732,0.984590954836537,-5.0504484,-0.025011848
TNFRSF8,29.6496154404742,-0.057848684,0.954657803401538,0.984590954836537,-5.050448586,-0.005220365
PLAU,36.1555428723602,-0.057401999,0.955007505539996,0.984590954836537,-5.050465051,-0.03744181
PSMD7,49.2075448371469,0.0564961396009971,0.955716717314395,0.984590954836537,-5.050498048,0.015855284596116
LRRN3,29.3005936194985,-0.056399714,0.95579221278006,0.984590954836537,-5.050501529,0.0306786191181514
COL27A1,39.3126928901626,-0.054239575,0.957483585251798,0.985772872997874,-5.050577965,0.105580774421847
PIK3CB,39.6930662066103,0.0522410051124922,0.959048639368877,0.98667653365639,-5.050646027,-0.001089211
CACNA2D3,29.6444984849073,-0.051728045,0.959450359990375,0.98667653365639,-5.050663084,0.0199509394580494
NOD2,37.719942887032,-0.049832287,0.960935106519646,0.987642888833578,-5.050724663,0.0475277763846003
IL26,30.5418151138366,-0.048923846,0.961646645869915,0.987790581300694,-5.050753358,0.0637638441848142
PRR5,33.4691594007309,-0.047648712,0.962645454591008,0.987790581300694,-5.050792744,-0.0273227
TAB1,40.8146669925133,0.0475609259129929,0.962714219965246,0.987790581300694,-5.050795417,-0.02205698
MS4A4A,45.2554328384875,0.0455529689215759,0.964287185387453,0.987840875936862,-5.050855219,0.174423922888147
PASD1,34.6970007687402,0.0452801839050301,0.964500887934293,0.987840875936862,-5.050863144,0.0894248145336727
PLA2G5,27.699008028063,0.0443555204198352,0.965225299568531,0.987840875936862,-5.050889654,0.0761015142091025
SLC2A1,46.294749657787,-0.044123796,0.965406845103263,0.987840875936862,-5.050896212,-0.07635161
SLAMF6,48.5432478106614,-0.044018848,0.965489068037629,0.987840875936862,-5.050899171,-0.119297629
ATG5,39.338982580576,0.0420930438010068,0.966997930349468,0.988826326068418,-5.050952214,-0.017866708
ESR1,30.720252441217,-0.041362762,0.967570138885294,0.988853407591738,-5.050971709,0.00846630851881707
SHC2,29.8360723043913,-0.038382995,0.969905107550359,0.990680977948845,-5.051047716,0.0728084760735978
TNFRSF11B,32.5604596222494,0.0350580031333752,0.972510932899953,0.992782991782938,-5.051125826,0.0515492839629971
TSC1,35.472563795414,-0.033939532,0.973387562958957,0.993118391937855,-5.051150512,0.00300761551967013
LTA,32.4152297909792,0.0323568307145297,0.974628106000878,0.993824495258071,-5.051184076,-0.108622043
NOX1,27.7774195141171,0.0294133973195862,0.976935387356748,0.995616941445685,-5.051242237,0.0488842728014117
CD74,4237.25375406537,-0.026409012,0.979361124317067,0.996968711489666,-5.051293035,0.226371256607289
CACNG1,27.0731350973284,-0.026317769,0.97936220002848,0.996968711489666,-5.051297425,0.0237619139588772
IRF4,40.3775557035943,0.0247545262256996,0.980587783931012,0.997309341946127,-5.051322965,-0.107007336
MDC1,37.2363038234404,-0.023618735,0.981478277465807,0.997309341946127,-5.051340541,-0.004804832
HDAC10,38.8692888501192,-0.023285143,0.981739828008799,0.997309341946127,-5.051345546,0.0321942720211271
MAGEC1,33.7608672335766,0.0228876070539838,0.982051516210502,0.997309341946127,-5.051351418,0.0136309606984919
ZBTB32,26.2350586202496,0.0223809413015644,0.982448772281367,0.997309341946127,-5.051358755,0.0312143854079711
CDC25C,30.7201132146012,-0.019535275,0.984680030156675,0.999014677852125,-5.051396913,0.0255294743924447
TPSAB1/B2,46.3001508494638,-0.018230376,0.985734940055482,0.999525300156985,-5.051411792,0.262733939269873
MAP3K13,36.2562303504115,-0.017399792,0.986354529110236,0.999594187219098,-5.051422145,0.0627217475219166
PRKAR1B,46.6205688791732,0.0133080295590502,0.989563185609784,0.999787578100088,-5.051462341,0.046571959123658
IL34,38.6258440620266,-0.012361103,0.99030577032965,0.999787578100088,-5.051470117,0.0812709441777685
GZMB,41.6254983186991,0.011948156942102,0.990631722380603,0.999787578100088,-5.05147329,0.191297184826647
PPP3CA,32.6995501034355,0.0117154226804582,0.990812121394092,0.999787578100088,-5.05147509,-0.104347076
C3AR1,33.1844506548189,-0.011678278,0.990841250545257,0.999787578100088,-5.051475368,0.0198698161753193
ITGA2B,24.2694741655922,-0.010667807,0.991633684620143,0.999787578100088,-5.051482592,0.0250992726406096
IL17A,30.0492682311185,-0.010438129,0.991813803732749,0.999787578100088,-5.051484143,0.067382086620217
POLR1B,30.8925138410663,-0.010250899,0.991960635620083,0.999787578100088,-5.051485382,0.022165630423145
TNFSF13B,47.3693551755468,-0.009833834,0.992287710845577,0.999787578100088,-5.051488062,0.0985905329927921
CDKN2D,32.4713445381056,-0.009025795,0.992921405339415,0.999787578100088,-5.051492937,-0.025706366
RHOA,123.022953282598,0.00884084805027441,0.993077406409796,0.999787578100088,-5.051493845,-0.050565629
FGFR1,46.5964129635325,-0.008072919,0.993668691848584,0.999787578100088,-5.051498149,-0.017106573
ULBP2,40.1494724227921,0.00798167173354083,0.99374519155308,0.999787578100088,-5.051498557,0.063172346595867
CDKN2A,25.1834994132102,-0.00689843,0.99458978544489,0.999787578100088,-5.051503774,0.0364373768325653
IRF2,48.1835079583954,-0.006125524,0.995195942094655,0.999787578100088,-5.051506995,-0.003451813
MNX1,29.3963316184942,0.00572516191071551,0.995509929682448,0.999787578100088,-5.051508513,0.152527942590579
PHGDH,27.0198611223384,0.00262534027484369,0.997941015995119,0.999787578100088,-5.051516794,-0.00056727
IL18RAP,38.932601061358,-0.002472025,0.998061256809848,0.999787578100088,-5.051517044,0.0552855279070163
REL,51.9426782170573,-0.00209759,0.998354915528028,0.999787578100088,-5.051517591,-0.24692977
HLA-DMB,135.729139669228,-0.00179116,0.998598131268094,0.999787578100088,-5.051517964,0.0721998498186645
CDK4,40.6736910421419,0.00107889032926111,0.99915385437111,0.999787578100088,-5.051518626,0.0241400597587037
TRAF3,58.9753100865362,-0.000819167,0.999357548954222,0.999787578100088,-5.051518784,-0.098195591
OPN3,44.0080104797605,0.000642374781658896,0.999496202096152,0.999787578100088,-5.051518866,0.065486299385006
HPRT1,37.5594236106678,-0.000270852,0.999787578100088,0.999787578100088,-5.051518975,0.0694993551305479
